Serial,Year,Week,Game,Pick,Opponent,h?,Spread,Elo,Weighted DVOA,Difference,Weights,Correct?,Points
2016-1-1,2016,1,1,Carolina,Denver,,-3,-2.5,,-0.5,13,no,0
2016-1-2,2016,1,2,Tampa Bay,Atlanta,,2.5,5.5,,-3,2,yes,2
2016-1-3,2016,1,3,Minnesota,Tennessee,,2.5,-6,,8.5,14,yes,14
2016-1-4,2016,1,4,Kansas City,L.A. Rams,,-6.5,-10,,3.5,12,yes,12
2016-1-5,2016,1,5,Oakland,New Orleans,,3,3,,0,6,yes,6
2016-1-6,2016,1,6,N.Y. Jets,Cincinnati,,1,-0.5,,1.5,1,no,0
2016-1-7,2016,1,7,Philadelphia,Cleveland,,-3.5,-6.5,,3,10,yes,10
2016-1-8,2016,1,8,Green Bay,Jacksonville,,-3.5,-5,,1.5,15,yes,15
2016-1-9,2016,1,9,Baltimore,Buffalo,,-3,-1,,-2,8,yes,8
2016-1-10,2016,1,10,Houston,Chicago,,-5.5,-5,,-0.5,7,yes,7
2016-1-11,2016,1,11,Seattle,Miami,,-10.5,-10.5,,0,16,yes,16
2016-1-12,2016,1,12,Dallas,N.Y. Giants,,1,-1.5,,2.5,4,no,0
2016-1-13,2016,1,13,Indianapolis,Detroit,,-2.5,-2,,-0.5,5,no,0
2016-1-14,2016,1,14,Arizona,New England,,-8.5,-3,,-5.5,9,no,0
2016-1-15,2016,1,15,Pittsburgh,Washington,,-2.5,-1,,-1.5,11,yes,11
2016-1-16,2016,1,16,San Francisco,L.A. Rams,,2.5,-1,,3.5,3,yes,3
2016-2-1,2016,2,1,N.Y. Jets,Buffalo,,0,2,,-2,1,yes,1
2016-2-2,2016,2,2,Baltimore,Cleveland,,-4.5,-2,,-2.5,14,yes,14
2016-2-3,2016,2,3,Detroit,Tennessee,,-6,-10,,4,12,no,0
2016-2-4,2016,2,4,New England,Miami,,-5.5,-10,,4.5,15,yes,15
2016-2-5,2016,2,5,N.Y. Giants,New Orleans,,-4,-3.5,,-0.5,9,yes,9
2016-2-6,2016,2,6,Pittsburgh,Cincinnati,,-3,-4,,1,7,yes,7
2016-2-7,2016,2,7,Dallas,Washington,,3,4,,-1,5,yes,5
2016-2-8,2016,2,8,Carolina,San Francisco,,-12.5,-9,,-3.5,16,yes,16
2016-2-9,2016,2,9,Houston,Kansas City,,-1,1.5,,-2.5,6,yes,6
2016-2-10,2016,2,10,Seattle,L.A. Rams,,-5.5,-5,,-0.5,8,no,0
2016-2-11,2016,2,11,Arizona,Tampa Bay,,-7,-9,,2,13,yes,13
2016-2-12,2016,2,12,Denver,Indianapolis,,-6,-9.5,,3.5,11,yes,11
2016-2-13,2016,2,13,Oakland,Atlanta,,-4,-3,,-1,10,no,0
2016-2-14,2016,2,14,L.A. Rams,Jacksonville,,-3,-4.5,,1.5,3,yes,3
2016-2-15,2016,2,15,Minnesota,Green Bay,,2,-2,,4,4,yes,4
2016-2-16,2016,2,16,Philadelphia,Chicago,,3,-0.5,,3.5,2,yes,2
2016-3-1,2016,3,1,Houston,New England,,-1,5,,-6,4,no,0
2016-3-2,2016,3,2,Arizona,Buffalo,,-4,-3,,-1,10,no,0
2016-3-3,2016,3,3,Cincinnati,Denver,,-3.5,0.5,,-4,9,no,0
2016-3-4,2016,3,4,Green Bay,Detroit,,-7,-5.5,,-1.5,14,yes,14
2016-3-5,2016,3,5,Tennessee,Oakland,,1,1,,0,5,no,0
2016-3-6,2016,3,6,Miami,Cleveland,,-10,-5,,-5,15,yes,15
2016-3-7,2016,3,7,N.Y. Giants,Washington,,-3.5,-4,,0.5,11,no,0
2016-3-8,2016,3,8,Minnesota,Carolina,,7,4.5,,2.5,2,yes,2
2016-3-9,2016,3,9,Jacksonville,Baltimore,,-1,3.5,,-4.5,3,no,0
2016-3-10,2016,3,10,Seattle,San Francisco,,-9.5,-8.5,,-1,16,yes,16
2016-3-11,2016,3,11,Tampa Bay,L.A. Rams,,-5,-0.5,,-4.5,12,no,0
2016-3-12,2016,3,12,Indianapolis,L.A. Rams,,-2,-2.5,,0.5,7,yes,7
2016-3-13,2016,3,13,N.Y. Jets,Kansas City,,3,5,,-2,1,no,0
2016-3-14,2016,3,14,Pittsburgh,Philadelphia,,-3.5,-1.5,,-2,8,no,0
2016-3-15,2016,3,15,Dallas,Chicago,,-7.5,-5,,-2.5,13,yes,13
2016-3-16,2016,3,16,New Orleans,Atlanta,,-3,-1,,-2,6,no,0
2016-4-1,2016,4,1,Cincinnati,Miami,,-7,-7,,0,14,yes,14
2016-4-2,2016,4,2,Indianapolis,Jacksonville,,-2,-4.5,,2.5,1,no,0
2016-4-3,2016,4,3,Carolina,Atlanta,,-3,-1,,-2,8,no,0
2016-4-4,2016,4,4,Detroit,Chicago,,-2.5,-2,,-0.5,2,no,0
2016-4-5,2016,4,5,New England,Buffalo,,-5,-8,,3,12,no,0
2016-4-6,2016,4,6,N.Y. Jets,Seattle,,3,1.5,,1.5,3,no,0
2016-4-7,2016,4,7,Washington,Cleveland,,-8,-7,,-1,11,yes,11
2016-4-8,2016,4,8,Oakland,Baltimore,,3.5,5,,-1.5,4,yes,4
2016-4-9,2016,4,9,Houston,Tennessee,,-5,-10.5,,5.5,10,yes,10
2016-4-10,2016,4,10,Denver,Tampa Bay,,-3,-8,,5,6,yes,6
2016-4-11,2016,4,11,Arizona,L.A. Rams,,-8.5,-6,,-2.5,15,no,0
2016-4-12,2016,4,12,L.A. Rams,New Orleans,,-3.5,-3.5,,0,7,no,0
2016-4-13,2016,4,13,Dallas,San Francisco,,-2.5,1.5,,-4,5,yes,5
2016-4-14,2016,4,14,Pittsburgh,Kansas City,,-5.5,-1.5,,-4,13,yes,13
2016-4-15,2016,4,15,Minnesota,N.Y. Giants,,-4.5,-9,,4.5,9,yes,9
2016-5-1,2016,5,1,Arizona,San Francisco,,-4,-2.5,,-1.5,10,yes,10
2016-5-2,2016,5,2,New England,Cleveland,,-10,-7.5,,-2.5,14,yes,14
2016-5-3,2016,5,3,Philadelphia,Detroit,,-3,-1,,-2,6,no,0
2016-5-4,2016,5,4,Indianapolis,Chicago,,-4.5,-4.5,,0,11,yes,11
2016-5-5,2016,5,5,Miami,Tennessee,,-3.5,-6.5,,3,5,no,0
2016-5-6,2016,5,6,Minnesota,Houston,,-3.5,-7,,3.5,4,yes,4
2016-5-7,2016,5,7,Pittsburgh,N.Y. Jets,,-7,-7.5,,0.5,13,yes,13
2016-5-8,2016,5,8,Baltimore,Washington,,-3.5,-4,,0.5,3,no,0
2016-5-9,2016,5,9,Denver,Atlanta,,-6,-8.5,,2.5,8,no,0
2016-5-10,2016,5,10,Cincinnati,Dallas,,-1,0,,-1,1,no,0
2016-5-11,2016,5,11,Oakland,L.A. Rams,,-3.5,-4,,0.5,7,yes,7
2016-5-12,2016,5,12,Buffalo,L.A. Rams,,2.5,1,,1.5,2,yes,2
2016-5-13,2016,5,13,Green Bay,N.Y. Giants,,-7,-8,,1,12,yes,12
2016-5-14,2016,5,14,Carolina,Tampa Bay,,-6,-9.5,,3.5,9,no,0
2016-6-1,2016,6,1,Denver,L.A. Rams,,-3,-6.5,,3.5,14,no,0
2016-6-2,2016,6,2,Buffalo,San Francisco,,-8,-10,,2,11,yes,11
2016-6-3,2016,6,3,Chicago,Jacksonville,,-2.5,-3.5,,1,4,no,0
2016-6-4,2016,6,4,Detroit,L.A. Rams,,-3,-2.5,,-0.5,9,yes,9
2016-6-5,2016,6,5,Tennessee,Cleveland,,-7,-4,,-3,10,yes,10
2016-6-6,2016,6,6,Pittsburgh,Miami,,-7.5,-7.5,,0,15,no,0
2016-6-7,2016,6,7,New England,Cincinnati,,-9,-5.5,,-3.5,12,yes,12
2016-6-8,2016,6,8,New Orleans,Carolina,,-3,2.5,,-5.5,5,yes,5
2016-6-9,2016,6,9,N.Y. Giants,Baltimore,,-3,-1.5,,-1.5,6,yes,6
2016-6-10,2016,6,10,Philadelphia,Washington,,-2,0,,-2,2,no,0
2016-6-11,2016,6,11,Oakland,Kansas City,,0,2,,-2,1,no,0
2016-6-12,2016,6,12,Dallas,Green Bay,,4,5.5,,-1.5,7,yes,7
2016-6-13,2016,6,13,Seattle,Atlanta,,-6.5,-5.5,,-1,8,yes,8
2016-6-14,2016,6,14,Indianapolis,Houston,,3.5,5,,-1.5,3,no,0
2016-6-15,2016,6,15,Arizona,N.Y. Jets,,-7.5,-6,,-1.5,13,yes,13
2016-7-1,2016,7,1,Green Bay,Chicago,,-7.5,-10,,2.5,11,yes,11
2016-7-2,2016,7,2,N.Y. Giants,L.A. Rams,,-2.5,0.5,,-3,3,yes,3
2016-7-3,2016,7,3,Cincinnati,Cleveland,,-9.5,-10.5,,1,15,yes,15
2016-7-4,2016,7,4,Detroit,Washington,,-1.5,-1.5,,0,7,yes,7
2016-7-5,2016,7,5,Tennessee,Indianapolis,,-2.5,0.5,,-3,1,no,0
2016-7-6,2016,7,6,Kansas City,New Orleans,,-6.5,-9.5,,3,10,yes,10
2016-7-7,2016,7,7,Buffalo,Miami,,-3,-4,,1,9,no,0
2016-7-8,2016,7,8,Baltimore,N.Y. Jets,,0,2.5,,-2.5,2,no,0
2016-7-9,2016,7,9,Minnesota,Philadelphia,,-2.5,-2,,-0.5,8,no,0
2016-7-10,2016,7,10,Jacksonville,Oakland,,-1,0.5,,-1.5,5,no,0
2016-7-11,2016,7,11,Atlanta,L.A. Rams,,-6.5,-7,,0.5,12,no,0
2016-7-12,2016,7,12,Tampa Bay,San Francisco,,-2,1.5,,-3.5,4,yes,4
2016-7-13,2016,7,13,New England,Pittsburgh,,-7,1,,-8,14,yes,14
2016-7-14,2016,7,14,Arizona,Seattle,,-2,-0.5,,-1.5,6,,
2016-7-15,2016,7,15,Denver,Houston,,-7,-6.5,,-0.5,13,yes,13
2016-8-1,2016,8,1,Tennessee,Jacksonville,,-3.5,-2.5,,-1,8,yes,8
2016-8-2,2016,8,2,Cincinnati,Washington,,-3,-0.5,,-2.5,6,,
2016-8-3,2016,8,3,New England,Buffalo,,-6.5,-0.5,,-6,13,yes,13
2016-8-4,2016,8,4,N.Y. Jets,Cleveland,,-4.5,-4.5,,0,9,yes,9
2016-8-5,2016,8,5,Indianapolis,Kansas City,,2.5,3.5,,-1,3,no,0
2016-8-6,2016,8,6,Seattle,New Orleans,,-3,-6,,3,7,no,0
2016-8-7,2016,8,7,Tampa Bay,Oakland,,-1,-1.5,,0.5,5,no,0
2016-8-8,2016,8,8,Carolina,Arizona,,-2.5,0,,-2.5,1,yes,1
2016-8-9,2016,8,9,Detroit,Houston,,2.5,2.5,,0,4,no,0
2016-8-10,2016,8,10,Denver,L.A. Rams,,-5,-9,,4,11,yes,11
2016-8-11,2016,8,11,Atlanta,Green Bay,,-3,-1.5,,-1.5,2,yes,2
2016-8-12,2016,8,12,Dallas,Philadelphia,,-4.5,-2.5,,-2,10,yes,10
2016-8-13,2016,8,13,Minnesota,Chicago,,-5.5,-7.5,,2,12,no,0
2016-9-1,2016,9,1,Atlanta,Tampa Bay,,-4.5,-2.5,,-2,5,yes,5
2016-9-2,2016,9,2,Dallas,Cleveland,,-7.5,-8.5,,1,13,yes,13
2016-9-3,2016,9,3,Kansas City,Jacksonville,,-7.5,-15,,7.5,10,yes,10
2016-9-4,2016,9,4,Miami,N.Y. Jets,,-3.5,-1,,-2.5,1,yes,1
2016-9-5,2016,9,5,Minnesota,Detroit,,-6,-6,,0,3,no,0
2016-9-6,2016,9,6,N.Y. Giants,Philadelphia,,-2.5,0,,-2.5,2,yes,2
2016-9-7,2016,9,7,Pittsburgh,Baltimore,,0,-2,,2,6,no,0
2016-9-8,2016,9,8,Carolina,L.A. Rams,,-3,-1.5,,-1.5,7,yes,7
2016-9-9,2016,9,9,New Orleans,San Francisco,,-4,-1.5,,-2.5,9,yes,9
2016-9-10,2016,9,10,Green Bay,Indianapolis,,-7.5,-7,,-0.5,12,no,0
2016-9-11,2016,9,11,L.A. Rams,Tennessee,,-5,-6.5,,1.5,8,yes,8
2016-9-12,2016,9,12,Oakland,Denver,,-1,3,,-4,4,yes,4
2016-9-13,2016,9,13,Seattle,Buffalo,,-7,-5.5,,-1.5,11,yes,11
2016-10-1,2016,10,1,Baltimore,Cleveland,,-10,-10,,0,11,yes,11
2016-10-2,2016,10,2,Green Bay,Tennessee,,-2.5,-4.5,,2,12,no,0
2016-10-3,2016,10,3,Denver,New Orleans,,2,2.5,,-0.5,3,yes,3
2016-10-4,2016,10,4,N.Y. Jets,L.A. Rams,,-1.5,-4,,2.5,4,no,0
2016-10-5,2016,10,5,Atlanta,Philadelphia,,1,1,,0,6,no,0
2016-10-6,2016,10,6,Tampa Bay,Chicago,,0,-2.5,,2.5,5,yes,5
2016-10-7,2016,10,7,Minnesota,Washington,,-3,1,,-4,1,no,0
2016-10-8,2016,10,8,Carolina,Kansas City,,-3,0.5,,-3.5,9,no,0
2016-10-9,2016,10,9,Houston,Jacksonville,,-1.5,-5.5,,4,10,yes,10
2016-10-10,2016,10,10,L.A. Rams,Miami,,-3.5,-3.5,,0,7,no,0
2016-10-11,2016,10,11,Arizona,San Francisco,,-13.5,-12,,-1.5,14,yes,14
2016-10-12,2016,10,12,Dallas,Pittsburgh,,-2.5,-0.5,,-2,8,yes,8
2016-10-13,2016,10,13,New England,Seattle,,-7.5,-4.5,,-3,13,no,0
2016-10-14,2016,10,14,N.Y. Giants,Cincinnati,,-2,-2,,0,2,yes,2
2016-11-1,2016,11,1,New Orleans,Carolina,,3.5,5.5,,-2,1,no,0
2016-11-2,2016,11,2,Buffalo,Cincinnati,,3,1.5,,1.5,2,yes,2
2016-11-3,2016,11,3,Pittsburgh,Cleveland,,-8,-7.5,,-0.5,13,yes,13
2016-11-4,2016,11,4,Dallas,Baltimore,,-7,-8,,1,12,yes,12
2016-11-5,2016,11,5,Detroit,Jacksonville,,-6.5,-11,,4.5,9,yes,9
2016-11-6,2016,11,6,Indianapolis,Tennessee,,-3,-5.5,,2.5,7,yes,7
2016-11-7,2016,11,7,Kansas City,Tampa Bay,,-7.5,-11.5,,4,11,no,0
2016-11-8,2016,11,8,Arizona,Minnesota,,0,1,,-1,5,no,0
2016-11-9,2016,11,9,N.Y. Giants,Chicago,,-7.5,-7.5,,0,10,yes,10
2016-11-10,2016,11,10,L.A. Rams,Miami,,1,-1.5,,2.5,3,no,0
2016-11-11,2016,11,11,New England,San Francisco,,-13,-10.5,,-2.5,14,yes,14
2016-11-12,2016,11,12,Philadelphia,Seattle,,6.5,7,,-0.5,4,no,0
2016-11-13,2016,11,13,Washington,Green Bay,,-2.5,-4,,1.5,6,yes,6
2016-11-14,2016,11,14,Oakland,Houston,,-3.5,0,,-3.5,8,yes,8
2016-12-1,2016,12,1,Detroit,Minnesota,,-1.5,-1.5,,0,1,yes,1
2016-12-2,2016,12,2,Dallas,Washington,,-7,-5.5,,-1.5,15,yes,15
2016-12-3,2016,12,3,Pittsburgh,Indianapolis,,-9,1,,-10,16,yes,16
2016-12-4,2016,12,4,Atlanta,Arizona,,-4.5,-2.5,,-2,7,yes,7
2016-12-5,2016,12,5,Buffalo,Jacksonville,,-7.5,-12.5,,5,13,yes,13
2016-12-6,2016,12,6,Tennessee,Chicago,,-5,2,,-7,8,yes,8
2016-12-7,2016,12,7,N.Y. Giants,Cleveland,,-7,-7.5,,0.5,11,yes,11
2016-12-8,2016,12,8,Miami,San Francisco,,-7.5,-10,,2.5,12,yes,12
2016-12-9,2016,12,9,New Orleans,L.A. Rams,,-7,-3.5,,-3.5,10,yes,10
2016-12-10,2016,12,10,Baltimore,Cincinnati,,-4,-1.5,,-2.5,6,yes,6
2016-12-11,2016,12,11,L.A. Rams,Houston,,-1.5,5,,-6.5,2,yes,2
2016-12-12,2016,12,12,Seattle,Tampa Bay,,-6,-6,,0,9,no,0
2016-12-13,2016,12,13,Oakland,Carolina,,-3,-2,,-1,3,yes,3
2016-12-14,2016,12,14,New England,N.Y. Jets,,-7.5,-5.5,,-2,14,yes,14
2016-12-15,2016,12,15,Denver,Kansas City,,-3.5,-2,,-1.5,4,no,0
2016-12-16,2016,12,16,Philadelphia,Green Bay,,-4,-5.5,,1.5,5,no,0
2016-13-1,2016,13,1,Dallas,Minnesota,,-3.5,-1,,-2.5,5,yes,5
2016-13-2,2016,13,2,Atlanta,Kansas City,,-3.5,0.5,,-4,4,no,0
2016-13-3,2016,13,3,Chicago,San Francisco,,-1.5,-4,,2.5,10,yes,10
2016-13-4,2016,13,4,Philadelphia,Cincinnati,,-1,2,,-3,1,no,0
2016-13-5,2016,13,5,Green Bay,Houston,,-6.5,-4,,-2.5,12,yes,12
2016-13-6,2016,13,6,New England,L.A. Rams,,-13.5,-12.5,,-1,15,yes,15
2016-13-7,2016,13,7,New Orleans,Detroit,,-6,-0.5,,-5.5,2,no,0
2016-13-8,2016,13,8,Denver,Jacksonville,,-5,-9.5,,4.5,14,yes,14
2016-13-9,2016,13,9,Baltimore,Miami,,-3.5,-1.5,,-2,6,yes,6
2016-13-10,2016,13,10,Oakland,Buffalo,,-3,-2.5,,-0.5,8,yes,8
2016-13-11,2016,13,11,Arizona,Washington,,-2.5,-2.5,,0,7,yes,7
2016-13-12,2016,13,12,Pittsburgh,N.Y. Giants,,-6,-4,,-2,11,yes,11
2016-13-13,2016,13,13,L.A. Rams,Tampa Bay,,-3.5,-2.5,,-1,9,no,0
2016-13-14,2016,13,14,Seattle,Carolina,,-6.5,-6,,-0.5,13,yes,13
2016-13-15,2016,13,15,N.Y. Jets,Indianapolis,,1.5,-2,,3.5,3,no,0
2016-14-1,2016,14,1,Oakland,Kansas City,,3.5,5.5,,-2,7,no,0
2016-14-2,2016,14,2,Pittsburgh,Buffalo,,-2,1,,-3,9,yes,9
2016-14-3,2016,14,3,Cincinnati,Cleveland,,-5.5,-8,,2.5,14,yes,14
2016-14-4,2016,14,4,Detroit,Chicago,,-7.5,-10.5,,3,16,yes,16
2016-14-5,2016,14,5,Denver,Tennessee,,1,-5.5,,6.5,6,no,0
2016-14-6,2016,14,6,Indianapolis,Houston,,-6,-4,,-2,1,no,0
2016-14-7,2016,14,7,Arizona,Miami,,1,0,,1,8,no,0
2016-14-8,2016,14,8,Washington,Philadelphia,,-1,1,,-2,2,yes,2
2016-14-9,2016,14,9,Carolina,L.A. Rams,,-1.5,-5.5,,4,13,yes,13
2016-14-10,2016,14,10,Minnesota,Jacksonville,,-3.5,-7,,3.5,5,yes,5
2016-14-11,2016,14,11,N.Y. Jets,San Francisco,,2.5,-2,,4.5,3,yes,3
2016-14-12,2016,14,12,Seattle,Green Bay,,-2.5,-2.5,,0,4,no,0
2016-14-13,2016,14,13,Atlanta,L.A. Rams,,-6,-3.5,,-2.5,10,yes,10
2016-14-14,2016,14,14,Tampa Bay,New Orleans,,-2.5,-4.5,,2,12,yes,12
2016-14-15,2016,14,15,Dallas,N.Y. Giants,,-3,-2.5,,-0.5,11,no,0
2016-14-16,2016,14,16,New England,Baltimore,,-7,-9,,2,15,yes,15
2016-15-11,2016,15,11,Atlanta,San Francisco,,-14,-15.5,,1.5,16,yes,16
2016-15-3,2016,15,3,Buffalo,Cleveland,,-10,-14,,4,14,yes,14
2016-15-6,2016,15,6,Kansas City,Tennessee,,-5.5,-12,,6.5,12,no,0
2016-15-1,2016,15,1,Seattle,L.A. Rams,,-16,-11.5,,-4.5,15,yes,15
2016-15-10,2016,15,10,Houston,Jacksonville,,-6,-11,,5,5,yes,5
2016-15-15,2016,15,15,Dallas,Tampa Bay,,-7,-6.5,,-0.5,11,yes,11
2016-15-12,2016,15,12,Arizona,New Orleans,,-2.5,-6,,3.5,6,no,0
2016-15-4,2016,15,4,Green Bay,Chicago,,-6.5,-5.5,,-1,13,yes,13
2016-15-7,2016,15,7,Minnesota,Indianapolis,,-4,-5.5,,1.5,2,no,0
2016-15-9,2016,15,9,Baltimore,Philadelphia,,-6,-4.5,,-1.5,9,yes,9
2016-15-14,2016,15,14,Oakland,L.A. Rams,,-3,-2.5,,-0.5,10,yes,10
2016-15-5,2016,15,5,Pittsburgh,Cincinnati,,-3,-1,,-2,7,yes,7
2016-15-13,2016,15,13,New England,Denver,,-3,-1,,-2,8,yes,8
2016-15-2,2016,15,2,Miami,N.Y. Jets,,-2.5,-0.5,,-2,1,yes,1
2016-15-8,2016,15,8,Detroit,N.Y. Giants,,4,1,,3,4,no,0
2016-15-16,2016,15,16,Carolina,Washington,,6,2.5,,3.5,3,yes,3
2016-16-6,2016,16,6,New England,N.Y. Jets,,-16.5,-15.5,,-1,16,yes,16
2016-16-12,2016,16,12,Seattle,Arizona,,-8,-7.5,,-0.5,15,no,0
2016-16-14,2016,16,14,Pittsburgh,Baltimore,,-5.5,-7,,1.5,13,yes,13
2016-16-10,2016,16,10,L.A. Rams,San Francisco,,-4,-7,,3,9,no,0
2016-16-16,2016,16,16,Dallas,Detroit,,-7.5,-6,,-1.5,14,yes,14
2016-16-5,2016,16,5,Green Bay,Minnesota,,-6.5,-6,,-0.5,12,yes,12
2016-16-15,2016,16,15,Kansas City,Denver,,-3.5,-6,,2.5,11,yes,11
2016-16-4,2016,16,4,L.A. Rams,Cleveland,,-5.5,-5.5,,0,6,no,0
2016-16-9,2016,16,9,Oakland,Indianapolis,,-3.5,-5,,1.5,10,yes,10
2016-16-8,2016,16,8,Tennessee,Jacksonville,,-5,-4.5,,-0.5,7,no,0
2016-16-3,2016,16,3,Washington,Chicago,,-3,-3.5,,0.5,4,yes,4
2016-16-2,2016,16,2,Buffalo,Miami,,-4,-2.5,,-1.5,8,no,0
2016-16-1,2016,16,1,N.Y. Giants,Philadelphia,,1,-1.5,,2.5,5,no,0
2016-16-11,2016,16,11,Tampa Bay,New Orleans,,3,1.5,,1.5,3,no,0
2016-16-7,2016,16,7,Atlanta,Carolina,,-3,1.5,,-4.5,2,yes,2
2016-16-13,2016,16,13,Cincinnati,Houston,,0,2,,-2,1,no,0
2016-17-1,2016,17,1,Baltimore,Cincinnati,,-1.5,2,,-3.5,1,no,0
2016-17-2,2016,17,2,Tennessee,Houston,,-3.5,1,,-4.5,4,yes,4
2016-17-3,2016,17,3,Indianapolis,Jacksonville,,-4.5,-10,,5.5,9,yes,9
2016-17-4,2016,17,4,New England,Miami,,-7.5,-4.5,,-3,12,yes,12
2016-17-5,2016,17,5,Minnesota,Chicago,,-6,-8.5,,2.5,10,yes,10
2016-17-6,2016,17,6,Buffalo,N.Y. Jets,,-3.5,-2.5,,-1,6,no,0
2016-17-7,2016,17,7,Philadelphia,Dallas,,-5.5,4.5,,-10,7,yes,7
2016-17-8,2016,17,8,Pittsburgh,Cleveland,,-3,-17.5,,14.5,13,yes,13
2016-17-9,2016,17,9,Tampa Bay,Carolina,,-3.5,-1,,-2.5,5,yes,5
2016-17-10,2016,17,10,Atlanta,New Orleans,,-7.5,-8,,0.5,15,yes,15
2016-17-11,2016,17,11,Denver,Oakland,,-1.5,-1,,-0.5,2,yes,2
2016-17-12,2016,17,12,Arizona,L.A. Rams,,-6.5,-3.5,,-3,11,yes,11
2016-17-13,2016,17,13,Kansas City,L.A. Rams,,-4.5,-7.5,,3,14,yes,14
2016-17-14,2016,17,14,Seattle,San Francisco,,-10.5,-10.5,,0,16,yes,16
2016-17-15,2016,17,15,Washington,N.Y. Giants,,-7.5,-2.5,,-5,8,no,0
2016-17-16,2016,17,16,Green Bay,Detroit,,-3,0.5,,-3.5,3,yes,3
2017-1-1,2017,1,1,New England,Kansas City,,-8.5,-5.5,,-3,14,no,0
2017-1-2,2017,1,2,Buffalo,N.Y. Jets,,-7.5,,,-7.5,9,yes,9
2017-1-3,2017,1,3,Atlanta,Chicago,,-6.5,,,-6.5,11,yes,11
2017-1-4,2017,1,4,Cincinnati,Baltimore,,-2.5,,,-2.5,10,no,0
2017-1-5,2017,1,5,Pittsburgh,Cleveland,,-10,,,-10,15,yes,15
2017-1-6,2017,1,6,Arizona,Detroit,,-2.5,,,-2.5,5,no,0
2017-1-7,2017,1,7,Oakland,Tennessee,,2.5,,,2.5,3,yes,3
2017-1-8,2017,1,8,Philadelphia,Washington,,-1,,,-1,4,yes,4
2017-1-9,2017,1,9,Houston,Jacksonville,,-6,,,-6,2,no,0
2017-1-10,2017,1,10,L.A. Rams,Indianapolis,,-3.5,,,-3.5,8,yes,8
2017-1-11,2017,1,11,Green Bay,Seattle,,-2.5,,,-2.5,1,yes,1
2017-1-12,2017,1,12,Carolina,San Francisco,,-4,,,-4,13,yes,13
2017-1-13,2017,1,13,Dallas,N.Y. Giants,,-4,,,-4,7,yes,7
2017-1-14,2017,1,14,Minnesota,New Orleans,,-3,,,-3,6,yes,6
2017-1-15,2017,1,15,Denver,L.A. Chargers,,-3,,,-3,12,yes,12
2017-2-1,2017,2,1,Cincinnati,Houston,,-6.5,-3.5,,-3,4,no,0
2017-2-2,2017,2,2,Arizona,Indianapolis,,-7.5,1,,-8.5,10,yes,10
2017-2-3,2017,2,3,Kansas City,Philadelphia,,-5.5,-7,,1.5,8,yes,8
2017-2-4,2017,2,4,New England,New Orleans,,-7,-4,,-3,11,yes,11
2017-2-5,2017,2,5,Minnesota,Pittsburgh,,5.5,6,,-0.5,1,no,0
2017-2-6,2017,2,6,Tampa Bay,Chicago,,-7,-8,,1,14,yes,14
2017-2-7,2017,2,7,Carolina,Buffalo,,-7.5,-4.5,,-3,12,yes,12
2017-2-8,2017,2,8,Jacksonville,Tennessee,,2,-2.5,,4.5,3,no,0
2017-2-9,2017,2,9,Baltimore,Cleveland,,-8,-10.5,,2.5,13,yes,13
2017-2-10,2017,2,10,Oakland,N.Y. Jets,,-14,-7.5,,-6.5,15,yes,15
2017-2-11,2017,2,11,L.A. Chargers,Miami,,-4.5,0.5,,-5,9,no,0
2017-2-12,2017,2,12,Dallas,Denver,,-1.5,1.5,,-3,6,no,0
2017-2-13,2017,2,13,L.A. Rams,Washington,,-3,-1.5,,-1.5,7,no,0
2017-2-14,2017,2,14,Seattle,San Francisco,,-14,-11.5,,-2.5,16,yes,16
2017-2-15,2017,2,15,Atlanta,Green Bay,,-3,-3.5,,0.5,2,yes,2
2017-2-16,2017,2,16,Detroit,N.Y. Giants,,3,2,,1,5,yes,5
2017-3-1,2017,3,1,San Francisco,L.A. Rams,,-3,-1,,-2,3,no,0
2017-3-2,2017,3,2,Baltimore,Jacksonville,,-3.5,-6,,2.5,12,no,0
2017-3-3,2017,3,3,Denver,Buffalo,,-3,-1.5,,-1.5,10,no,0
2017-3-4,2017,3,4,Pittsburgh,Chicago,,-7.5,-8,,0.5,14,no,0
2017-3-5,2017,3,5,Atlanta,Detroit,,-3,-1,,-2,1,yes,1
2017-3-6,2017,3,6,Indianapolis,Cleveland,,1.5,-8,,9.5,2,yes,2
2017-3-7,2017,3,7,Tampa Bay,Minnesota,,1,2,,-1,8,no,0
2017-3-8,2017,3,8,New England,Houston,,-13.5,-10.5,,-3,16,yes,16
2017-3-9,2017,3,9,Miami,N.Y. Jets,,-6,-1.5,,-4.5,9,no,0
2017-3-10,2017,3,10,Philadelphia,N.Y. Giants,,-6,-4.5,,-1.5,11,yes,11
2017-3-11,2017,3,11,Carolina,New Orleans,,-5.5,-6.5,,1,5,no,0
2017-3-12,2017,3,12,Tennessee,Seattle,,-3,1,,-4,4,yes,4
2017-3-13,2017,3,13,Green Bay,Cincinnati,,-8.5,-8,,-0.5,15,yes,15
2017-3-14,2017,3,14,Kansas City,L.A. Chargers,,-3,-7,,4,13,yes,13
2017-3-15,2017,3,15,Oakland,Washington,,-3,-0.5,,-2.5,7,no,0
2017-3-16,2017,3,16,Dallas,Arizona,,-3,1.5,,-4.5,6,yes,6
2017-4-1,2017,4,1,Green Bay,Chicago,,-7.5,-10.5,,3,16,yes,16
2017-4-11,2017,4,11,Arizona,San Francisco,,-6.5,-10,,3.5,12,yes,12
2017-4-5,2017,4,5,Dallas,L.A. Rams,,-6,-9,,3,13,no,0
2017-4-7,2017,4,7,New England,Carolina,,-9,-9,,0,14,no,0
2017-4-3,2017,4,3,Atlanta,Buffalo,,-8,-8.5,,0.5,11,no,0
2017-4-16,2017,4,16,Kansas City,Washington,,-7,-8.5,,1.5,15,yes,15
2017-4-15,2017,4,15,Seattle,Indianapolis,,-13,-5.5,,-7.5,10,yes,10
2017-4-13,2017,4,13,Tampa Bay,N.Y. Giants,,-3,-3.5,,0.5,9,yes,9
2017-4-4,2017,4,4,Cincinnati,Cleveland,,-3,-3,,0,8,yes,8
2017-4-12,2017,4,12,Philadelphia,L.A. Chargers,,2,-3,,5,7,yes,7
2017-4-6,2017,4,6,Minnesota,Detroit,,-1.5,-2,,0.5,6,no,0
2017-4-9,2017,4,9,Pittsburgh,Baltimore,,-3,-1.5,,-1.5,3,yes,3
2017-4-10,2017,4,10,Houston,Tennessee,,1.5,-1.5,,3,5,yes,5
2017-4-2,2017,4,2,New Orleans,Miami,,-3,-1,,-2,2,yes,2
2017-4-8,2017,4,8,Jacksonville,N.Y. Jets,,-3,2.5,,-5.5,1,no,0
2017-4-14,2017,4,14,Oakland,Denver,,3,3.5,,-0.5,4,no,0
2017-5-9,2017,5,9,Pittsburgh,Jacksonville,,-8.5,-9.5,,1,14,no,0
2017-5-5,2017,5,5,Indianapolis,San Francisco,,-1.5,-7.5,,6,7,yes,7
2017-5-7,2017,5,7,N.Y. Giants,L.A. Chargers,,-3.5,-5,,1.5,9,no,0
2017-5-10,2017,5,10,Oakland,Baltimore,,-2.5,-5,,2.5,13,no,0
2017-5-13,2017,5,13,Kansas City,Houston,,-1,-5,,4,2,yes,2
2017-5-3,2017,5,3,N.Y. Jets,Cleveland,,2.5,-4.5,,7,6,yes,6
2017-5-8,2017,5,8,Philadelphia,Arizona,,-6.5,-4.5,,-2,12,yes,12
2017-5-4,2017,5,4,Detroit,Carolina,,-2,-4,,2,10,no,0
2017-5-1,2017,5,1,New England,Tampa Bay,,-5,-3,,-2,1,yes,1
2017-5-14,2017,5,14,Minnesota,Chicago,,-3,-2,,-1,5,yes,5
2017-5-12,2017,5,12,Dallas,Green Bay,,-2.5,-1,,-1.5,4,no,0
2017-5-2,2017,5,2,Buffalo,Cincinnati,,3,-0.5,,3.5,11,no,0
2017-5-11,2017,5,11,L.A. Rams,Seattle,,-1.5,1.5,,-3,8,no,0
2017-5-6,2017,5,6,Tennessee,Miami,,-1,2.5,,-3.5,3,no,0
2017-6-1,2017,6,1,Carolina,Philadelphia,,-3,-2,,-1,4,no,0
2017-6-2,2017,6,2,Atlanta,Miami,,-13,-8.5,,-4.5,14,no,0
2017-6-3,2017,6,3,Green Bay,Minnesota,,-3,-1.5,,-1.5,6,no,0
2017-6-4,2017,6,4,New Orleans,Detroit,,-4.5,-2,,-2.5,5,yes,5
2017-6-5,2017,6,5,New England,N.Y. Jets,,-9.5,-5,,-4.5,10,yes,10
2017-6-6,2017,6,6,Washington,San Francisco,,-11,-11,,0,12,yes,12
2017-6-7,2017,6,7,Baltimore,Chicago,,-6.5,-7.5,,1,8,no,0
2017-6-8,2017,6,8,Houston,Cleveland,,-10,-11,,1,11,yes,11
2017-6-9,2017,6,9,Tampa Bay,Arizona,,-1,2.5,,-3.5,1,no,0
2017-6-10,2017,6,10,Jacksonville,L.A. Rams,,-2.5,-4.5,,2,3,no,0
2017-6-11,2017,6,11,Kansas City,Pittsburgh,,-4,-8.5,,4.5,9,no,0
2017-6-12,2017,6,12,Oakland,L.A. Chargers,,,-5,,5,7,no,0
2017-6-13,2017,6,13,Denver,N.Y. Giants,,-11.5,-8,,-3.5,13,no,0
2017-6-14,2017,6,14,Tennessee,Indianapolis,,,-2.5,,2.5,2,yes,2
2017-7-10,2017,7,10,Dallas,San Francisco,,-6,-7,,1,14,yes,14
2017-7-12,2017,7,12,Pittsburgh,Cincinnati,,-5,-6.5,,1.5,11,yes,11
2017-7-9,2017,7,9,Minnesota,Baltimore,,-5.5,-5.5,,0,10,yes,10
2017-7-14,2017,7,14,New England,Atlanta,,-3.5,-5.5,,2,4,yes,4
2017-7-15,2017,7,15,Philadelphia,Washington,,-4.5,-5.5,,1,12,yes,12
2017-7-1,2017,7,1,Kansas City,Oakland,,-3,-5,,2,7,no,0
2017-7-2,2017,7,2,Buffalo,Tampa Bay,,-3,-5,,2,3,yes,3
2017-7-4,2017,7,4,Tennessee,Cleveland,,-5.5,-5,,-0.5,13,yes,13
2017-7-8,2017,7,8,Miami,N.Y. Jets,,-3,-4.5,,1.5,1,yes,1
2017-7-3,2017,7,3,Carolina,Chicago,,-3,-3,,0,9,no,0
2017-7-13,2017,7,13,Denver,L.A. Chargers,,0,-1.5,,1.5,5,no,0
2017-7-11,2017,7,11,Seattle,N.Y. Giants,,-4.5,-1,,-3.5,15,yes,15
2017-7-7,2017,7,7,L.A. Rams,Arizona,,-3.5,1,,-4.5,8,yes,8
2017-7-6,2017,7,6,Jacksonville,Indianapolis,,-3,1.5,,-4.5,2,yes,2
2017-7-5,2017,7,5,New Orleans,Green Bay,,-4,4,,-8,6,yes,6
2017-8-1,2017,8,1,Baltimore,Miami,,-3,-0.5,,-2.5,5,yes,5
2017-8-2,2017,8,2,Minnesota,Cleveland,,-9.5,-11.5,,2,10,yes,10
2017-8-3,2017,8,3,Buffalo,Oakland,,-2.5,-4.5,,2,6,yes,6
2017-8-4,2017,8,4,Cincinnati,Indianapolis,,-11,-6,,-5,4,yes,4
2017-8-5,2017,8,5,New England,L.A. Chargers,,-7.5,-11.5,,4,2,yes,2
2017-8-6,2017,8,6,New Orleans,Chicago,,-9,-9,,0,12,yes,12
2017-8-7,2017,8,7,Atlanta,N.Y. Jets,,-4.5,-3,,-1.5,3,yes,3
2017-8-8,2017,8,8,Philadelphia,San Francisco,,-13,-15.5,,2.5,13,yes,13
2017-8-9,2017,8,9,Carolina,Tampa Bay,,2,1.5,,0.5,9,yes,9
2017-8-10,2017,8,10,Houston,Seattle,,-5.5,-7,,1.5,8,no,0
2017-8-11,2017,8,11,Dallas,Washington,,-2,0.5,,-2.5,1,yes,1
2017-8-12,2017,8,12,Pittsburgh,Detroit,,-2.5,-0.5,,-2,7,yes,7
2017-8-13,2017,8,13,Kansas City,Denver,,-7.5,-9,,1.5,11,yes,11
2017-9-8,2017,9,8,Houston,Indianapolis,,-13,-6.5,,-6.5,13,no,0
2017-9-5,2017,9,5,Philadelphia,Denver,,-7.5,-7.5,,0,12,yes,12
2017-9-10,2017,9,10,Seattle,Washington,,-7.5,-8,,0.5,9,no,0
2017-9-3,2017,9,3,New Orleans,Tampa Bay,,-6.5,-9,,2.5,7,yes,7
2017-9-7,2017,9,7,Jacksonville,Cincinnati,,-5.5,-3.5,,-2,11,yes,11
2017-9-4,2017,9,4,L.A. Rams,N.Y. Giants,,-3.5,0.5,,-4,8,yes,8
2017-9-2,2017,9,2,Tennessee,Baltimore,,-3.5,-2,,-1.5,4,yes,4
2017-9-12,2017,9,12,Oakland,Miami,,-3,3,,-6,3,yes,3
2017-9-1,2017,9,1,Buffalo,N.Y. Jets,,-3,-2.5,,-0.5,10,no,0
2017-9-13,2017,9,13,Detroit,Green Bay,,-2,4.5,,-6.5,5,yes,5
2017-9-11,2017,9,11,Kansas City,Dallas,,1,-0.5,,1.5,2,no,0
2017-9-6,2017,9,6,Carolina,Atlanta,,2,0,,2,1,yes,1
2017-9-9,2017,9,9,San Francisco,Arizona,,2.5,4.5,,-2,6,no,0
2017-10-1,2017,10,1,Arizona,Seattle,,6,2,,4,7,no,0
2017-10-2,2017,10,2,New Orleans,Buffalo,,-3,-0.5,,-2.5,9,yes,9
2017-10-3,2017,10,3,Chicago,Green Bay,,-5.5,1.5,,-7,4,no,0
2017-10-4,2017,10,4,Detroit,Cleveland,,-11,-14,,3,14,yes,14
2017-10-5,2017,10,5,Tennessee,Cincinnati,,-4.5,-3.5,,-1,8,yes,8
2017-10-6,2017,10,6,Pittsburgh,Indianapolis,,-10,-5.5,,-4.5,12,yes,12
2017-10-7,2017,10,7,N.Y. Jets,Tampa Bay,,-2.5,1,,-3.5,2,no,0
2017-10-8,2017,10,8,Minnesota,Washington,,-1.5,0,,-1.5,1,yes,1
2017-10-9,2017,10,9,Jacksonville,L.A. Chargers,,-3.5,-5,,1.5,5,yes,5
2017-10-10,2017,10,10,L.A. Rams,Houston,,-11,-6.5,,-4.5,13,yes,13
2017-10-11,2017,10,11,Dallas,Atlanta,,3,1.5,,1.5,3,no,0
2017-10-12,2017,10,12,San Francisco,N.Y. Giants,,2.5,3.5,,-1,6,yes,6
2017-10-13,2017,10,13,New England,Denver,,-7.5,-6.5,,-1,10,yes,10
2017-10-14,2017,10,14,Carolina,Miami,,-10,-6,,-4,11,yes,11
2017-11-1,2017,11,1,Pittsburgh,Tennessee,,-7,-8,,1,10,yes,10
2017-11-2,2017,11,2,Detroit,Chicago,,-3,-3.5,,0.5,9,yes,9
2017-11-3,2017,11,3,Jacksonville,Cleveland,,-7.5,-8.5,,1,13,yes,13
2017-11-4,2017,11,4,Baltimore,Green Bay,,-2,5,,-7,7,yes,7
2017-11-5,2017,11,5,Tampa Bay,Miami,,1,2.5,,-1.5,5,yes,5
2017-11-6,2017,11,6,Minnesota,L.A. Rams,,-2.5,-3.5,,1,1,yes,1
2017-11-7,2017,11,7,New Orleans,Washington,,-7.5,-9,,1.5,12,yes,12
2017-11-8,2017,11,8,Kansas City,N.Y. Giants,,-10.5,-7.5,,-3,14,no,0
2017-11-9,2017,11,9,Houston,Arizona,,-2.5,-2,,-0.5,4,yes,4
2017-11-10,2017,11,10,L.A. Chargers,Buffalo,,-4.5,-1,,-3.5,2,yes,2
2017-11-11,2017,11,11,Denver,Cincinnati,,-2.5,-3,,0.5,3,no,0
2017-11-12,2017,11,12,New England,Oakland,,-7,-9,,2,11,yes,11
2017-11-13,2017,11,13,Philadelphia,Dallas,,-4,1,,-5,6,yes,6
2017-11-14,2017,11,14,Atlanta,Seattle,,3,2,,1,8,yes,8
2017-12-1,2017,12,1,Minnesota,Detroit,,-3,0.5,,-3.5,2,yes,2
2017-12-2,2017,12,2,L.A. Chargers,Dallas,,2,-5,,7,3,yes,3
2017-12-3,2017,12,3,Washington,N.Y. Giants,,-7.5,-5,,-2.5,8,yes,8
2017-12-4,2017,12,4,Atlanta,Tampa Bay,,-10,-9,,-1,10,yes,10
2017-12-5,2017,12,5,Cincinnati,Cleveland,,-8,-11.5,,3.5,7,yes,7
2017-12-6,2017,12,6,Tennessee,Indianapolis,,-3,-0.5,,-2.5,11,yes,11
2017-12-7,2017,12,7,Kansas City,Buffalo,,-10,-9,,-1,9,no,0
2017-12-8,2017,12,8,New England,Miami,,-16.5,-15,,-1.5,16,yes,16
2017-12-9,2017,12,9,Carolina,N.Y. Jets,,-4.5,-2,,-2.5,13,yes,13
2017-12-10,2017,12,10,Philadelphia,Chicago,,-13.5,-13.5,,0,15,yes,15
2017-12-11,2017,12,11,Seattle,San Francisco,,-6.5,-9,,2.5,4,yes,4
2017-12-12,2017,12,12,Denver,Oakland,,5,4,,1,5,no,0
2017-12-13,2017,12,13,L.A. Rams,New Orleans,,-2.5,1.5,,-4,1,yes,1
2017-12-14,2017,12,14,Jacksonville,Arizona,,-5.5,-1.5,,-4,6,no,0
2017-12-15,2017,12,15,Pittsburgh,Green Bay,,-14,-8.5,,-5.5,14,yes,14
2017-12-16,2017,12,16,Baltimore,Houston,,-7.5,-5.5,,-2,12,yes,12
2017-13-1,2017,13,1,Dallas,Washington,,1.5,-3,,4.5,8,yes,8
2017-13-2,2017,13,2,Minnesota,Atlanta,,3,3,,0,1,yes,1
2017-13-3,2017,13,3,New England,Buffalo,,-8.5,-7,,-1.5,15,yes,15
2017-13-4,2017,13,4,San Francisco,Chicago,,3,6.5,,-3.5,7,yes,7
2017-13-5,2017,13,5,Green Bay,Tampa Bay,,-2,-4,,2,3,yes,3
2017-13-6,2017,13,6,Tennessee,Houston,,-6.5,-4.5,,-2,9,yes,9
2017-13-7,2017,13,7,Miami,Denver,,1.5,-2,,3.5,5,yes,5
2017-13-8,2017,13,8,Kansas City,N.Y. Jets,,-3,-3.5,,0.5,2,no,0
2017-13-9,2017,13,9,Jacksonville,Indianapolis,,-10,-8,,-2,14,yes,14
2017-13-10,2017,13,10,Baltimore,Detroit,,-3,-3,,0,6,yes,6
2017-13-11,2017,13,11,L.A. Chargers,Cleveland,,-14,-14.5,,0.5,16,yes,16
2017-13-12,2017,13,12,Oakland,N.Y. Giants,,-9,-6,,-3,10,yes,10
2017-13-13,2017,13,13,New Orleans,Carolina,,-4.5,-4.5,,0,4,yes,4
2017-13-14,2017,13,14,L.A. Rams,Arizona,,-7,-2,,-5,12,yes,12
2017-13-15,2017,13,15,Philadelphia,Seattle,,-5.5,-0.5,,-5,11,no,0
2017-13-16,2017,13,16,Pittsburgh,Cincinnati,,-5.5,-4.5,,-1,13,yes,13
2017-14-1,2017,14,1,New Orleans,Atlanta,,2.5,1.5,,1,7,no,0
2017-14-2,2017,14,2,Buffalo,Indianapolis,,,-6.5,,6.5,11,yes,11
2017-14-3,2017,14,3,Cincinnati,Chicago,,-6.5,-6,,-0.5,14,no,0
2017-14-4,2017,14,4,Green Bay,Cleveland,,-3.5,-8.5,,5,3,yes,3
2017-14-5,2017,14,5,Oakland,Kansas City,,4,5,,-1,2,no,0
2017-14-6,2017,14,6,Dallas,N.Y. Giants,,-3.5,-3,,-0.5,12,yes,12
2017-14-7,2017,14,7,Detroit,Tampa Bay,,,0,,0,10,yes,10
2017-14-8,2017,14,8,Minnesota,Carolina,,-2.5,-1,,-1.5,1,no,0
2017-14-9,2017,14,9,San Francisco,Houston,,3,8,,-5,6,yes,6
2017-14-10,2017,14,10,N.Y. Jets,Denver,,-1,0,,-1,9,no,0
2017-14-11,2017,14,11,Tennessee,Arizona,,-3,-1,,-2,4,no,0
2017-14-12,2017,14,12,L.A. Chargers,Washington,,-6,-5.5,,-0.5,13,yes,13
2017-14-13,2017,14,13,Philadelphia,L.A. Rams,,2.5,0.5,,2,5,yes,5
2017-14-14,2017,14,14,Jacksonville,Seattle,,-2.5,1,,-3.5,8,yes,8
2017-14-15,2017,14,15,Pittsburgh,Baltimore,,-5,-6.5,,1.5,15,yes,15
2017-14-16,2017,14,16,New England,Miami,,-11,-10,,-1,16,no,0
2017-15-1,2017,15,1,Indianapolis,Denver,,2.5,-0.5,,3,2,no,0
2017-15-2,2017,15,2,Detroit,Chicago,,-5.5,-6.5,,1,5,yes,5
2017-15-3,2017,15,3,L.A. Chargers,Kansas City,,-1,3.5,,-4.5,10,no,0
2017-15-4,2017,15,4,Buffalo,Miami,,,-3.5,,3.5,6,yes,6
2017-15-5,2017,15,5,Baltimore,Cleveland,,-7.5,-11,,3.5,14,yes,14
2017-15-6,2017,15,6,Minnesota,Cincinnati,,-11,-11.5,,0.5,11,yes,11
2017-15-7,2017,15,7,New Orleans,N.Y. Jets,,-16,-11,,-5,16,yes,16
2017-15-8,2017,15,8,Philadelphia,N.Y. Giants,,-7.5,-9.5,,2,7,yes,7
2017-15-9,2017,15,9,Arizona,Washington,,4.5,2.5,,2,3,no,0
2017-15-10,2017,15,10,Green Bay,Carolina,,2.5,5.5,,-3,4,no,0
2017-15-11,2017,15,11,Jacksonville,Houston,,-11.5,-9,,-2.5,15,yes,15
2017-15-12,2017,15,12,L.A. Rams,Seattle,,2.5,4,,-1.5,9,yes,9
2017-15-13,2017,15,13,New England,Pittsburgh,,-3,1,,-4,1,yes,1
2017-15-14,2017,15,14,San Francisco,Tennessee,,-2,4,,-6,8,yes,8
2017-15-15,2017,15,15,Dallas,Oakland,,-3,0,,-3,12,yes,12
2017-15-16,2017,15,16,Atlanta,Tampa Bay,,-6,5.5,,-11.5,13,yes,13
2017-16-1,2017,16,1,Baltimore,Indianapolis,,-13.5,-11.5,,-2,16,yes,16
2017-16-2,2017,16,2,Minnesota,Green Bay,,-8,-3,,-5,12,yes,12
2017-16-3,2017,16,3,Chicago,Cleveland,,-6.5,-10.5,,4,6,yes,6
2017-16-4,2017,16,4,Detroit,Cincinnati,,-3,-3,,0,2,no,0
2017-16-5,2017,16,5,L.A. Rams,Tennessee,,-6.5,-3,,-3.5,8,yes,8
2017-16-6,2017,16,6,Kansas City,Miami,,-10.5,-8,,-2.5,5,yes,5
2017-16-7,2017,16,7,New England,Buffalo,,-11.5,-11.5,,0,15,yes,15
2017-16-8,2017,16,8,New Orleans,Atlanta,,-6,-2.5,,-3.5,1,yes,1
2017-16-9,2017,16,9,L.A. Chargers,N.Y. Jets,,-6.5,-2,,-4.5,9,yes,9
2017-16-10,2017,16,10,Denver,Washington,,3,3,,0,7,no,0
2017-16-11,2017,16,11,Carolina,Tampa Bay,,-11,-9.5,,-1.5,14,yes,14
2017-16-12,2017,16,12,San Francisco,Jacksonville,,4,6,,-2,3,yes,3
2017-16-13,2017,16,13,Dallas,Seattle,,-5,7,,-12,10,no,0
2017-16-14,2017,16,14,N.Y. Giants,Arizona,,3.5,6,,-2.5,4,no,0
2017-16-15,2017,16,15,Pittsburgh,Houston,,-8,-8,,0,11,yes,11
2017-16-16,2017,16,16,Philadelphia,Oakland,,-9,-11,,2,13,yes,13
2017-17-1,2017,17,1,Detroit,Green Bay,,-7,-4,,-3,11,yes,11
2017-17-2,2017,17,2,Indianapolis,Houston,,-5.5,-1.5,,-4,4,yes,4
2017-17-3,2017,17,3,Minnesota,Chicago,,-13,-12,,-1,16,yes,16
2017-17-4,2017,17,4,New England,N.Y. Jets,,-16.5,-16,,-0.5,14,yes,14
2017-17-5,2017,17,5,Washington,N.Y. Giants,,-3,-3,,0,7,no,0
2017-17-6,2017,17,6,Philadelphia,Dallas,,3.5,-8.5,,12,8,no,0
2017-17-7,2017,17,7,Pittsburgh,Cleveland,,-6,-21,,15,15,yes,15
2017-17-8,2017,17,8,Atlanta,Carolina,,-4,-3,,-1,1,yes,1
2017-17-9,2017,17,9,Kansas City,Denver,,4.5,-4.5,,9,2,yes,2
2017-17-10,2017,17,10,Tennessee,Jacksonville,,-2.5,0,,-2.5,3,yes,3
2017-17-11,2017,17,11,San Francisco,L.A. Rams,,-4,12,,-16,9,yes,9
2017-17-12,2017,17,12,Buffalo,Miami,,-2,0.5,,-2.5,6,yes,6
2017-17-13,2017,17,13,L.A. Chargers,Oakland,,-7,-6,,-1,12,yes,12
2017-17-14,2017,17,14,Seattle,Arizona,,-8,-8,,0,13,no,0
2017-17-15,2017,17,15,New Orleans,Tampa Bay,,-5,-7,,2,10,no,0
2017-17-16,2017,17,16,Cincinnati,Baltimore,,-10,-8.5,,-1.5,5,yes,5
2018-1-1,2018,1,1,Kansas City,L.A. Chargers,x,-3.5,-4.6,,1.1,2,yes,2
2018-1-2,2018,1,2,Houston,N.Y. Jets,,-6,-4.04,,-1.96,12,yes,12
2018-1-3,2018,1,3,Denver,Cleveland,x,-3,-5.64,,2.64,11,tie,0
2018-1-4,2018,1,4,Atlanta,Arizona,x,-8.5,-7.08,,-1.42,8,yes,8
2018-1-5,2018,1,5,Detroit,Buffalo,,2.5,-0.44,,2.94,3,no,0
2018-1-6,2018,1,6,Chicago,Green Bay,x,-6,-7.28,,1.28,5,yes,5
2018-1-7,2018,1,7,Cincinnati,Oakland,x,-3,-4.48,,1.48,4,yes,4
2018-1-8,2018,1,8,Indianapolis,Dallas,x,-3,0.88,,-3.88,10,no,0
2018-1-9,2018,1,9,Minnesota,Miami,x,-7,-6.6,,-0.4,7,yes,7
2018-1-10,2018,1,10,N.Y. Giants,Tennessee,x,-2.5,0.4,,-2.9,9,yes,9
2018-1-11,2018,1,11,Jacksonville,Washington,x,-7,-2.92,,-4.08,6,no,0
2018-1-12,2018,1,12,Baltimore,Tampa Bay,x,-7.5,-7.96,,0.46,15,no,0
2018-1-13,2018,1,13,Seattle,San Francisco,,-4.5,-6.32,,1.82,14,yes,14
2018-1-14,2018,1,14,New England,Pittsburgh,,-2,0.24,,-2.24,1,yes,1
2018-1-15,2018,1,15,L.A. Rams,Philadelphia,x,-11,-5.8,,-5.2,16,yes,16
2018-1-16,2018,1,16,New Orleans,Carolina,,-6,-5.72,,-0.28,13,no,0
2018-1-16,2018,1,16,L.A. Rams,Oakland,,-4,0,,-4,14,yes,14
2018-2-1,2018,2,1,Cincinnati,Baltimore,x,,-2.08,,2.08,5,yes,5
2018-2-2,2018,2,2,Atlanta,Carolina,x,-6,-3.44,,-2.56,3,yes,3
2018-2-3,2018,2,3,L.A. Chargers,Buffalo,,-7.5,0.92,,-8.42,14,yes,14
2018-2-4,2018,2,4,Minnesota,Green Bay,,-3,-2.8,,-0.2,9,tie,0
2018-2-5,2018,2,5,Houston,Tennessee,,-3.5,5.92,,-9.42,4,no,0
2018-2-6,2018,2,6,New Orleans,Cleveland,x,-9.5,-12.12,,2.62,15,yes,15
2018-2-7,2018,2,7,N.Y. Jets,Miami,x,-3,-3.24,,0.24,2,no,0
2018-2-8,2018,2,8,Kansas City,Pittsburgh,,4,2.16,,1.84,6,yes,6
2018-2-9,2018,2,9,Philadelphia,Tampa Bay,,-3,-3.6,,0.6,10,no,0
2018-2-10,2018,2,10,Washington,Indianapolis,x,-6,-7.68,,1.68,12,no,0
2018-2-11,2018,2,11,L.A. Rams,Arizona,x,-13,-7.16,,-5.84,16,yes,16
2018-2-12,2018,2,12,San Francisco,Detroit,x,-6,-2.2,,-3.8,13,yes,13
2018-2-13,2018,2,13,Denver,Oakland,x,-6.5,-3.84,,-2.66,11,yes,11
2018-2-14,2018,2,14,New England,Jacksonville,,-1.5,-1.68,,0.18,8,no,0
2018-2-15,2018,2,15,N.Y. Giants,Dallas,,3,7.92,,-4.92,1,no,0
2018-2-16,2018,2,16,Chicago,Seattle,x,-3.5,1.04,,-4.54,7,yes,7
2018-3-1,2018,3,1,N.Y. Jets,Cleveland,,3,-3.4,,6.4,4,no,0
2018-3-2,2018,3,2,New Orleans,Atlanta,,3,4.6,,-1.6,2,yes,2
2018-3-3,2018,3,3,Kansas City,San Francisco,x,-6.5,-8.52,,2.02,14,yes,14
2018-3-4,2018,3,4,Miami,Oakland,x,-3,-5.28,,2.28,6,yes,6
2018-3-5,2018,3,5,Minnesota,Buffalo,x,-16,-9,,-7,16,no,0
2018-3-6,2018,3,6,Philadelphia,Indianapolis,x,-6,-11,,5,8,yes,8
2018-3-7,2018,3,7,Green Bay,Washington,,-3,2.04,,-5.04,7,no,0
2018-3-8,2018,3,8,Cincinnati,Carolina,,3,3.72,,-0.72,9,no,0
2018-3-9,2018,3,9,Jacksonville,Tennessee,x,-6.5,-6.36,,-0.14,13,no,0
2018-3-10,2018,3,10,Baltimore,Denver,x,-5,-5.28,,0.28,3,yes,3
2018-3-11,2018,3,11,Houston,N.Y. Giants,x,-6,-2.48,,-3.52,10,no,0
2018-3-12,2018,3,12,L.A. Rams,L.A. Chargers,x,-7,-3.92,,-3.08,11,yes,11
2018-3-13,2018,3,13,Chicago,Arizona,,-6,1.24,,-7.24,15,yes,15
2018-3-14,2018,3,14,Seattle,Dallas,x,-1.5,-1.32,,-0.18,5,yes,5
2018-3-15,2018,3,15,New England,Detroit,,-6.5,-4.16,,-2.34,12,no,0
2018-3-16,2018,3,16,Tampa Bay,Pittsburgh,x,1,-1.16,,2.16,1,no,0
2018-4-1,2018,4,1,L.A. Rams,Minnesota,x,,-6.2,,6.2,1,yes,1
2018-4-2,2018,4,2,Atlanta,Cincinnati,x,4,-8.1,,12.1,13,no,0
2018-4-3,2018,4,3,Tampa Bay,Chicago,,,11.2,,-11.2,5,no,0
2018-4-4,2018,4,4,Dallas,Detroit,x,,-6,,6,9,yes,9
2018-4-5,2018,4,5,Green Bay,Buffalo,x,3.5,-3,,6.5,6,yes,6
2018-4-6,2018,4,6,Philadelphia,Tennessee,,,-1.2,,1.2,3,no,0
2018-4-7,2018,4,7,Indianapolis,Houston,x,3,-5.3,,8.3,12,no,0
2018-4-8,2018,4,8,New England,Miami,x,,-16.2,,16.2,11,yes,11
2018-4-9,2018,4,9,Jacksonville,N.Y. Jets,x,3.5,-6.8,,10.3,14,yes,14
2018-4-10,2018,4,10,Cleveland,Oakland,,-5.5,-0.4,,-5.1,8,no,0
2018-4-11,2018,4,11,Seattle,Arizona,,,,,,2,yes,2
2018-4-12,2018,4,12,New Orleans,N.Y. Giants,,,-7.5,,7.5,4,yes,4
2018-4-13,2018,4,13,L.A. Chargers,San Francisco,x,-3,-12.4,,9.4,15,yes,15
2018-4-14,2018,4,14,Pittsburgh,Baltimore,x,,-2.7,,2.7,10,no,0
2018-4-15,2018,4,15,Kansas City,Denver,,-3.5,-6.6,,3.1,7,yes,7
2018-5-1,2018,5,1,New England,Indianapolis,x,,-7.4,,7.4,15,yes,15
2018-5-2,2018,5,2,Tennessee,Buffalo,,5.5,-1.6,,7.1,10,no,0
2018-5-3,2018,5,3,Cincinnati,Miami,x,,-3.4,,3.4,9,yes,9
2018-5-4,2018,5,4,Baltimore,Cleveland,,,-4.3,,4.3,5,no,0
2018-5-5,2018,5,5,Detroit,Green Bay,x,-1.5,-4.7,,3.2,1,yes,1
2018-5-6,2018,5,6,Kansas City,Jacksonville,x,-3.5,-11.4,,7.9,8,yes,8
2018-5-7,2018,5,7,Denver,N.Y. Jets,,,-1.2,,1.2,4,no,0
2018-5-8,2018,5,8,Atlanta,Pittsburgh,,4,5.7,,-1.7,7,no,0
2018-5-9,2018,5,9,Carolina,N.Y. Giants,x,,-7.2,,7.2,14,yes,14
2018-5-10,2018,5,10,L.A. Chargers,Oakland,x,-3,-13.4,,10.4,11,yes,11
2018-5-11,2018,5,11,Minnesota,Philadelphia,,-4,5.2,,-9.2,6,yes,6
2018-5-12,2018,5,12,San Francisco,Arizona,x,,,,0,2,no,0
2018-5-13,2018,5,13,L.A. Rams,Seattle,,,0.6,,-0.6,13,yes,13
2018-5-14,2018,5,14,Houston,Dallas,x,,-0.8,,0.8,3,yes,3
2018-5-15,2018,5,15,New Orleans,Washington,x,,-12.8,,12.8,12,yes,12
2018-9-1,2018,9,1,San Francisco,Oakland,x,,-3.6,,3.6,6,yes,6
2018-9-2,2018,9,2,Chicago,Buffalo,,-3.5,-5.8,,2.3,12,yes,12
2018-9-3,2018,9,3,Kansas City,Cleveland,,-3.5,-6.2,,2.7,13,yes,13
2018-9-4,2018,9,4,Miami,N.Y. Jets,x,,-4.4,,4.4,1,yes,1
2018-9-5,2018,9,5,Minnesota,Detroit,x,-4,-5.5,,1.5,10,yes,10
2018-9-6,2018,9,6,Atlanta,Washington,,4,-2.2,,6.2,3,yes,3
2018-9-7,2018,9,7,Carolina,Tampa Bay,x,,-7.1,,7.1,11,yes,11
2018-9-8,2018,9,8,Baltimore,Pittsburgh,x,,-2.5,,2.5,2,no,0
2018-9-9,2018,9,9,Denver,Houston,x,,1.4,,-1.4,4,no,0
2018-9-10,2018,9,10,L.A. Chargers,Seattle,,-3,1.4,,-4.4,8,yes,8
2018-9-11,2018,9,11,L.A. Rams,New Orleans,,,3.4,,-3.4,7,no,0
2018-9-12,2018,9,12,New England,Green Bay,x,,-13.8,,13.8,9,yes,9
2018-9-13,2018,9,13,Dallas,Tennessee,x,,-4.2,,4.2,5,no,0
2018-11-1,2018,11,1,Seattle,Green Bay,x,-3,-4.88,,1.88,6,yes,6
2018-11-2,2018,11,2,Atlanta,Dallas,x,-3,-3.48,,0.48,9,no,0
2018-11-3,2018,11,3,Carolina,Detroit,,-4,-1.96,,-2.04,10,no,0
2018-11-4,2018,11,4,Indianapolis,Tennessee,x,-2,1.44,,-3.44,2,yes,2
2018-11-5,2018,11,5,N.Y. Giants,Tampa Bay,x,-1.5,-0.52,,-0.98,4,yes,4
2018-11-6,2018,11,6,Houston,Washington,,-3,3.36,,-6.36,1,yes,1
2018-11-7,2018,11,7,Pittsburgh,Jacksonville,,-5.5,-5.24,,-0.26,11,yes,11
2018-11-8,2018,11,8,Cincinnati,Baltimore,,-4,5.04,,-9.04,7,no,0
2018-11-9,2018,11,9,Arizona,Oakland,x,-5.5,-5.2,,-0.3,8,no,0
2018-11-10,2018,11,10,L.A. Chargers,Denver,x,-7,-9.52,,2.52,13,no,0
2018-11-11,2018,11,11,New Orleans,Philadelphia,x,-9,-7.28,,-1.72,12,yes,12
2018-11-12,2018,11,12,Minnesota,Chicago,,2.5,1.04,,1.46,5,no,0
2018-11-13,2018,11,13,L.A. Rams,Kansas City,x,-3.5,-1.08,,-2.42,3,yes,3
2018-12-1,2018,12,1,Chicago,Detroit,,-3,-0.76,,-2.24,10,yes,10
2018-12-2,2018,12,2,Dallas,Washington,x,-7,-4.16,,-2.84,13,yes,13
2018-12-3,2018,12,3,New Orleans,Atlanta,x,-12,-9.96,,-2.04,15,yes,15
2018-12-4,2018,12,4,Jacksonville,Buffalo,,-3,1.52,,-4.52,1,no,0
2018-12-5,2018,12,5,Cincinnati,Cleveland,x,-3,-7.48,,4.48,6,no,0
2018-12-6,2018,12,6,New England,N.Y. Jets,,-9.5,-8.32,,-1.18,12,yes,12
2018-12-7,2018,12,7,Philadelphia,N.Y. Giants,x,-5.5,-9.52,,4.02,2,yes,2
2018-12-8,2018,12,8,Tampa Bay,San Francisco,x,-3.5,-3.68,,0.18,3,yes,3
2018-12-9,2018,12,9,Carolina,Seattle,x,-3.5,-3.52,,0.02,5,no,0
2018-12-10,2018,12,10,Baltimore,Oakland,x,-10,-11.12,,1.12,9,yes,9
2018-12-11,2018,12,11,L.A. Chargers,Arizona,x,-12,-11.72,,-0.28,14,yes,14
2018-12-12,2018,12,12,Pittsburgh,Denver,,-3,-5.84,,2.84,7,no,0
2018-12-13,2018,12,13,Indianapolis,Miami,x,-7.5,-5.32,,-2.18,11,yes,11
2018-12-14,2018,12,14,Minnesota,Green Bay,x,-3.5,-6.16,,2.66,8,yes,8
2018-12-15,2018,12,15,Tennessee,Houston,,6,2.28,,3.72,4,no,0
2018-13-1,2018,13,1,New Orleans,Dallas,,-7.5,-3.96,,-3.54,13,no,0
2018-13-2,2018,13,2,Atlanta,Baltimore,x,-1,-0.96,,-0.04,1,no,0
2018-13-3,2018,13,3,Denver,Cincinnati,,-5,0.44,,-5.44,8,yes,8
2018-13-4,2018,13,4,L.A. Rams,Detroit,,-10,-5.28,,-4.72,15,yes,15
2018-13-5,2018,13,5,Green Bay,Arizona,x,-14,-6.84,,-7.16,11,no,0
2018-13-6,2018,13,6,Buffalo,Miami,,4.5,2.08,,2.42,4,no,0
2018-13-7,2018,13,7,Chicago,N.Y. Giants,,-4.5,-5.44,,0.94,10,no,0
2018-13-8,2018,13,8,Carolina,Tampa Bay,,-3.5,-2.44,,-1.06,12,no,0
2018-13-9,2018,13,9,Indianapolis,Jacksonville,,-4,-0.16,,-3.84,9,no,0
2018-13-10,2018,13,10,Cleveland,Houston,,6,8.24,,-2.24,6,no,0
2018-13-11,2018,13,11,Tennessee,N.Y. Jets,x,-7.5,-8.68,,1.18,2,yes,2
2018-13-12,2018,13,12,Kansas City,Oakland,,-15,-10.92,,-4.08,16,yes,16
2018-13-13,2018,13,13,Minnesota,New England,,5,5.04,,-0.04,7,no,0
2018-13-14,2018,13,14,Seattle,San Francisco,x,-10,-10.92,,0.92,14,yes,14
2018-13-15,2018,13,15,Pittsburgh,L.A. Chargers,x,-3.5,-3.48,,-0.02,3,no,0
2018-13-16,2018,13,16,Washington,Philadelphia,,6.5,5.64,,0.86,5,no,0
2018-14-1,2018,14,1,Jacksonville,Tennessee,,,,,0,2,no,0
2018-14-2,2018,14,2,Buffalo,N.Y. Jets,x,,,,0,1,no,0
2018-14-3,2018,14,3,Carolina,Cleveland,,,,,0,5,no,0
2018-14-4,2018,14,4,Green Bay,Atlanta,x,,,,0,6,yes,6
2018-14-5,2018,14,5,Kansas City,Baltimore,x,,,,0,13,yes,13
2018-14-6,2018,14,6,New England,Miami,,,,,0,10,no,0
2018-14-7,2018,14,7,New Orleans,Tampa Bay,,,,,0,11,yes,11
2018-14-8,2018,14,8,N.Y. Giants,Washington,,,,,0,4,yes,4
2018-14-9,2018,14,9,Indianapolis,Houston,,,,,0,3,yes,3
2018-14-10,2018,14,10,L.A. Chargers,Cincinnati,x,,,,0,15,yes,15
2018-14-11,2018,14,11,Denver,San Francisco,,,,,0,12,no,0
2018-14-12,2018,14,12,Dallas,Philadelphia,x,,,,0,8,yes,8
2018-14-13,2018,14,13,Pittsburgh,Oakland,,,,,0,14,no,0
2018-14-14,2018,14,14,Arizona,Detroit,x,,,,0,7,no,0
2018-14-15,2018,14,15,L.A. Rams,Chicago,,,,,0,9,no,0
2018-14-16,2018,14,16,Minnesota,Seattle,,,,,0,16,no,0
2018-15-1,2018,15,1,Kansas City,L.A. Chargers,x,-3.5,-4.6,3.00%,1.1,2,no,0
2018-15-2,2018,15,2,Houston,N.Y. Jets,,-6,-4,25.10%,-2,12,yes,12
2018-15-3,2018,15,3,Denver,Cleveland,x,-3,-5.6,24.20%,2.6,11,no,0
2018-15-4,2018,15,4,Atlanta,Arizona,x,-8.5,-7.1,29.70%,-1.4,8,yes,8
2018-15-5,2018,15,5,Detroit,Buffalo,,2.5,-0.4,6.30%,2.9,3,no,0
2018-15-6,2018,15,6,Chicago,Green Bay,x,-6,-7.3,8.90%,1.3,5,yes,5
2018-15-7,2018,15,7,Cincinnati,Oakland,x,-3,-4.5,7.90%,1.5,4,yes,4
2018-15-8,2018,15,8,Indianapolis,Dallas,x,-3,0.9,15.20%,-3.9,10,yes,10
2018-15-9,2018,15,9,Minnesota,Miami,x,-7,-6.6,12.90%,-0.4,7,yes,7
2018-15-10,2018,15,10,N.Y. Giants,Tennessee,x,-2.5,0.4,13.60%,-2.9,9,no,0
2018-15-11,2018,15,11,Jacksonville,Washington,x,-7,-2.9,9.70%,-4.1,6,no,0
2018-15-12,2018,15,12,Baltimore,Tampa Bay,x,-7.5,-8,31.30%,0.5,15,yes,15
2018-15-13,2018,15,13,Seattle,San Francisco,,-4.5,-6.3,37.60%,1.8,14,no,0
2018-15-14,2018,15,14,New England,Pittsburgh,,-2,0.2,-0.80%,-2.2,1,no,0
2018-15-15,2018,15,15,L.A. Rams,Philadelphia,x,-11,-5.8,30.40%,-5.2,16,no,0
2018-15-16,2018,15,16,New Orleans,Carolina,,-6,-5.7,24.70%,-0.3,13,yes,13
2018-16-1,2018,16,1,Tennessee,Washington,x,-11,-6.96,22.40%,-4.04,11,yes,11
2018-16-2,2018,16,2,L.A. Chargers,Baltimore,x,-4,-4.72,13.10%,0.72,1,no,0
2018-16-3,2018,16,3,Cleveland,Cincinnati,x,-9.5,-2.84,13.10%,-6.66,10,yes,10
2018-16-4,2018,16,4,Dallas,Tampa Bay,x,-7,-7.52,12.00%,0.52,9,yes,9
2018-16-5,2018,16,5,Minnesota,Detroit,,-6,-1.32,24.20%,-4.68,12,yes,12
2018-16-6,2018,16,6,Indianapolis,N.Y. Giants,x,-9.5,-7.32,11.30%,-2.18,8,yes,8
2018-16-7,2018,16,7,Jacksonville,Miami,,3.5,3,12.50%,0.5,2,yes,2
2018-16-8,2018,16,8,New England,Buffalo,x,-13,-11.6,30.60%,-1.4,16,yes,16
2018-16-9,2018,16,9,Green Bay,N.Y. Jets,,-3,-1.92,27.30%,-1.08,13,yes,13
2018-16-10,2018,16,10,Houston,Philadelphia,,2.5,4.76,5.60%,-2.26,4,no,0
2018-16-11,2018,16,11,Carolina,Atlanta,x,3,-3.28,2.20%,6.28,3,no,0
2018-16-12,2018,16,12,L.A. Rams,Arizona,,-14,-8.4,60.80%,-5.6,15,yes,15
2018-16-13,2018,16,13,Chicago,San Francisco,,-4.5,-5.32,39.10%,0.82,14,yes,14
2018-16-14,2018,16,14,New Orleans,Pittsburgh,x,-6.5,-7.24,17.20%,0.74,7,yes,7
2018-16-15,2018,16,15,Kansas City,Seattle,,-1.5,-1.08,24.40%,-0.42,5,no,0
2018-16-16,2018,16,16,Denver,Oakland,,-3,-3.16,37.40%,0.16,6,no,0
2018-17-1,2018,17,1,Buffalo,Miami,x,-5,-2.5,8.10%,-2.5,4,yes,4
2018-17-1,2018,17,1,Green Bay,Detroit,x,-8,-4.2,18.40%,-3.8,7,no,0
2018-17-1,2018,17,1,New England,N.Y. Jets,x,-13,-14.7,26.80%,1.7,13,yes,13
2018-17-1,2018,17,1,New Orleans,Carolina,x,-7,-13.2,37.40%,6.2,8,yes,8
2018-17-1,2018,17,1,N.Y. Giants,Dallas,x,-6,3.4,10.70%,-9.4,5,no,0
2018-17-1,2018,17,1,Atlanta,Tampa Bay,,-2,-1.1,13.80%,-0.9,3,no,0
2018-17-1,2018,17,1,Houston,Jacksonville,x,-7,-6.2,12.90%,-0.8,9,yes,9
2018-17-1,2018,17,1,L.A. Chargers,Denver,,-6.5,-4,19.60%,-2.5,11,yes,11
2018-17-1,2018,17,1,Kansas City,Oakland,x,-14,-14,49.00%,0,16,yes,16
2018-17-1,2018,17,1,L.A. Rams,San Francisco,x,-10,-12.1,33.70%,2.1,15,yes,15
2018-17-1,2018,17,1,Minnesota,Chicago,x,-5.5,-1.7,-2.00%,-3.8,1,no,0
2018-17-1,2018,17,1,Pittsburgh,Cincinnati,x,-14,-10.9,32.40%,-3.1,14,yes,14
2018-17-1,2018,17,1,Seattle,Arizona,x,-13,-13.7,57.00%,0.7,12,yes,12
2018-17-1,2018,17,1,Philadelphia,Washington,,-7,-4.3,19.60%,-2.7,10,yes,10
2018-17-1,2018,17,1,Baltimore,Cleveland,x,-6.5,-10.2,12.30%,3.7,6,yes,6
2018-17-1,2018,17,1,Indianapolis,Tennessee,,-3,3.5,14.50%,-6.5,2,yes,2
2019-1-1,2019,1,1,Chicago,Green Bay,x,-3,-4.36,,1.36,6,no,0
2019-1-2,2019,1,2,Cleveland,Tennessee,x,-5.5,-3.16,,-2.34,12,no,0
2019-1-3,2019,1,3,Baltimore,Miami,,-6.5,-2.92,,-3.58,14,yes,14
2019-1-4,2019,1,4,Minnesota,Atlanta,x,-4,-2.88,,-1.12,1,yes,1
2019-1-5,2019,1,5,Buffalo,N.Y. Jets,x,3,-3.52,,6.52,4,yes,4
2019-1-6,2019,1,6,Philadelphia,Washington,x,-10,-8.96,,-1.04,16,yes,16
2019-1-7,2019,1,7,L.A. Rams,Carolina,,-2,-0.32,,-1.68,13,yes,13
2019-1-8,2019,1,8,Kansas City,Jacksonville,,-3.5,-2.08,,-1.42,5,yes,5
2019-1-9,2019,1,9,L.A. Chargers,Indianapolis,x,-6.5,-6.64,,0.14,7,yes,7
2019-1-10,2019,1,10,Seattle,Cincinnati,x,-9.5,-7.84,,-1.66,15,yes,15
2019-1-11,2019,1,11,Dallas,N.Y. Giants,x,-7,-7.52,,0.52,9,yes,9
2019-1-12,2019,1,12,Arizona,Detroit,x,2.5,0.16,,2.34,2,tie,0
2019-1-13,2019,1,13,Tampa Bay,San Francisco,x,-1,-1.24,,0.24,8,no,0
2019-1-14,2019,1,14,New England,Pittsburgh,x,-6,-5.44,,-0.56,10,yes,10
2019-1-15,2019,1,15,New Orleans,Houston,x,-7,-5.44,,-1.56,11,yes,11
2019-1-16,2019,1,16,Denver,Oakland,,1.5,0.64,,0.86,3,no,0
2019-2-1,2019,2,1,Carolina,Tampa Bay,x,-6.5,-3.76,,3.76,9,no,0
2019-2-2,2019,2,2,Cincinnati,San Francisco,x,-1,3.56,,-4.56,6,no,0
2019-2-3,2019,2,3,L.A. Chargers,Detroit,,-1,-1,,0,11,no,0
2019-2-4,2019,2,4,Minnesota,Green Bay,,3,3.56,,-0.56,3,no,0
2019-2-5,2019,2,5,Indianapolis,Tennessee,,3,4.08,,-1.08,1,yes,1
2019-2-6,2019,2,6,New England,Miami,,-18,-11.76,,-6.24,16,yes,16
2019-2-7,2019,2,7,Buffalo,N.Y. Giants,,-1,-2.4,,1.4,5,yes,5
2019-2-8,2019,2,8,Seattle,Pittsburgh,,4,0.64,,3.36,4,yes,4
2019-2-9,2019,2,9,Dallas,Washington,,-6,-4.92,,-1.08,12,yes,12
2019-2-10,2019,2,10,Baltimore,Arizona,x,-13,-10.88,,-2.12,15,yes,15
2019-2-11,2019,2,11,Houston,Jacksonville,x,-7,-4.76,,-2.24,14,yes,14
2019-2-12,2019,2,12,Kansas City,Oakland,,-7,-7.52,,0.52,13,yes,13
2019-2-13,2019,2,13,Chicago,Denver,,-2.5,-1.4,,-1.1,8,yes,8
2019-2-14,2019,2,14,L.A. Rams,New Orleans,x,-1.5,-4.6,,3.1,7,yes,7
2019-2-15,2019,2,15,Philadelphia,Atlanta,,-1,-1.12,,0.12,10,no,0
2019-2-16,2019,2,16,Cleveland,N.Y. Jets,,-6.5,1.8,,-8.3,2,yes,2
2019-3-1,2019,3,1,Tennessee,Jacksonville,,-1.5,0.08,,-1.58,1,no,0
2019-3-2,2019,3,2,Buffalo,Cincinnati,x,-6,-7.48,,1.48,4,yes,4
2019-3-3,2019,3,3,Dallas,Miami,x,-21,-13.88,,-7.12,15,yes,15
2019-3-4,2019,3,4,Green Bay,Denver,x,-8,-7.64,,-0.36,14,yes,14
2019-3-5,2019,3,5,Indianapolis,Atlanta,x,-2,-1.4,,-0.6,2,yes,2
2019-3-6,2019,3,6,Kansas City,Baltimore,x,-6.5,-5.84,,-0.66,10,yes,10
2019-3-7,2019,3,7,Minnesota,Oakland,x,-8,-7.32,,-0.68,12,yes,12
2019-3-8,2019,3,8,New England,N.Y. Jets,x,-22,-13,,-9,16,yes,16
2019-3-9,2019,3,9,Philadelphia,Denver,x,-7,-8.24,,1.24,11,no,0
2019-3-10,2019,3,10,Arizona,Carolina,x,2.5,0.48,,2.02,6,no,0
2019-3-11,2019,3,11,Tampa Bay,N.Y. Giants,x,-6.5,-5.68,,-0.82,7,no,0
2019-3-12,2019,3,12,L.A. Chargers,Houston,x,-3,-4.8,,1.8,3,no,0
2019-3-13,2019,3,13,San Francisco,Pittsburgh,x,-6.5,-3.64,,-2.86,5,yes,5
2019-3-14,2019,3,14,Seattle,New Orleans,x,-4.5,-2.2,,-2.3,8,no,0
2019-3-15,2019,3,15,L.A. Rams,Cleveland,,-3,-2.8,,-0.2,13,yes,13
2019-3-16,2019,3,16,Chicago,Washington,,-4,-2.16,,-1.84,9,yes,9
2019-4-1,2019,4,1,Philadelphia,Green Bay,,-4,-3.32,5.10%,-0.68,2,yes,2
2019-4-2,2019,4,2,Atlanta,Tennessee,x,-4,-3.88,-9.10%,-0.12,4,no,0
2019-4-3,2019,4,3,New England,Buffalo,,-7,-4.04,40.60%,-2.96,14,yes,14
2019-4-4,2019,4,4,Kansas City,Detroit,,-6.5,-4.76,18.70%,-1.74,12,yes,12
2019-4-5,2019,4,5,Indianapolis,Oakland,x,-7,-7.04,10.40%,0.04,10,no,0
2019-4-6,2019,4,6,L.A. Chargers,Miami,,-16,-9.08,59.70%,-6.92,15,yes,15
2019-4-7,2019,4,7,N.Y. Giants,Washington,x,-3,-2.08,-6.50%,-0.92,5,yes,5
2019-4-8,2019,4,8,Baltimore,Cleveland,x,-7,-7,16.50%,0,8,no,0
2019-4-9,2019,4,9,Houston,Carolina,x,-4.5,-5.16,5.50%,0.66,9,no,0
2019-4-10,2019,4,10,L.A. Rams,Tampa Bay,x,-9.5,-11.24,26.60%,1.74,13,no,0
2019-4-11,2019,4,11,Seattle,Arizona,,-5,-6,29.60%,1,7,yes,7
2019-4-12,2019,4,12,Minnesota,Chicago,,-2,-2.92,-0.10%,0.92,6,no,0
2019-4-13,2019,4,13,Denver,Jacksonville,x,-3,0.76,-8.50%,-3.76,1,no,0
2019-4-14,2019,4,14,Dallas,New Orleans,,-2.5,2.52,12.30%,-5.02,11,no,0
2019-4-15,2019,4,15,Pittsburgh,Cincinnati,x,-4,-2.64,8.50%,-1.36,3,yes,3
2019-5-1,2019,5,1,L.A. Rams,Seattle,,1.5,1.44,3.00%,0.06,7,no,0
2019-5-2,2019,5,2,Arizona,Cincinnati,,3,3.12,11.90%,-0.12,1,yes,1
2019-5-3,2019,5,3,Buffalo,Tennessee,,3,4,-10.30%,-1,2,yes,2
2019-5-4,2019,5,4,Chicago,Oakland,,-5.5,-2.72,17.20%,-2.78,12,no,0
2019-5-5,2019,5,5,New Orleans,Tampa Bay,x,-3,-8.08,13.00%,5.08,8,yes,8
2019-5-6,2019,5,6,N.Y. Giants,Minnesota,x,5,2.36,-16.30%,2.64,5,no,0
2019-5-7,2019,5,7,Philadelphia,N.Y. Jets,x,-13,-8.84,19.70%,-4.16,14,yes,14
2019-5-8,2019,5,8,Baltimore,Pittsburgh,,-3,-1.96,14.20%,-1.04,9,yes,9
2019-5-9,2019,5,9,New England,Washington,,-15,-10.84,53.00%,-4.16,15,yes,15
2019-5-10,2019,5,10,Jacksonville,Carolina,,3.5,3.28,-10.10%,0.22,3,no,0
2019-5-11,2019,5,11,Houston,Atlanta,x,-5,-4.04,7.40%,-0.96,10,yes,10
2019-5-12,2019,5,12,L.A. Chargers,Denver,x,-6.5,-8.92,21.60%,2.42,13,no,0
2019-5-13,2019,5,13,Dallas,Green Bay,x,-3.5,-3.88,13.00%,0.38,6,no,0
2019-5-14,2019,5,14,Kansas City,Indianapolis,x,-11,-11,31.50%,0,11,no,0
2019-5-15,2019,5,15,Cleveland,San Francisco,,3.5,3.8,-11.10%,-0.3,4,no,0
2019-6-1,2019,6,1,New England,N.Y. Giants,x,-17,-15.44,53.70%,-1.56,14,yes,14
2019-6-2,2019,6,2,Carolina,Tampa Bay,,-2.5,-0.84,7.30%,-1.66,7,yes,7
2019-6-3,2019,6,3,Seattle,Cleveland,,-1.5,-1.48,18.70%,-0.02,11,yes,11
2019-6-4,2019,6,4,Kansas City,Houston,x,-4.5,-6.24,11.40%,1.74,8,no,0
2019-6-5,2019,6,5,Washington,Miami,,-3.5,-1.32,32.00%,-2.18,3,yes,3
2019-6-6,2019,6,6,Minnesota,Philadelphia,x,-3,-1.56,-7.40%,-1.44,6,yes,6
2019-6-7,2019,6,7,New Orleans,Jacksonville,,1,-3.04,16.20%,4.04,5,yes,5
2019-6-8,2019,6,8,Baltimore,Cincinnati,x,-11,-10.96,37.40%,-0.04,13,yes,13
2019-6-9,2019,6,9,San Francisco,L.A. Rams,,3,3.44,17.90%,-0.44,1,yes,1
2019-6-10,2019,6,10,Arizona,Atlanta,x,2.5,1.8,-8.50%,0.7,2,yes,2
2019-6-11,2019,6,11,Denver,Tennessee,x,-2.5,-0.2,-6.70%,-2.3,4,yes,4
2019-6-12,2019,6,12,Dallas,N.Y. Jets,,-7,-2.04,33.40%,-4.96,12,no,0
2019-6-13,2019,6,13,L.A. Chargers,Pittsburgh,x,-7,-6.76,5.80%,-0.24,10,no,0
2019-6-14,2019,6,14,Green Bay,Detroit,x,-4.5,-5.92,3.70%,1.42,9,yes,9
2019-7-1,2019,7,1,Kansas City,Denver,,-3,-3.52,25.20%,0.52,10,yes,10
2019-7-2,2019,7,2,L.A. Rams,Atlanta,,-3,-0.76,19.10%,-2.24,11,yes,11
2019-7-3,2019,7,3,Buffalo,Miami,x,-17,-14.16,53.50%,-2.84,12,yes,12
2019-7-4,2019,7,4,Jacksonville,Cincinnati,,-3.5,-4.04,23.80%,0.54,7,yes,7
2019-7-5,2019,7,5,Minnesota,Detroit,,-1,-1.6,10.30%,0.6,4,yes,4
2019-7-6,2019,7,6,Green Bay,Oakland,x,-6,-7.6,15.40%,1.6,9,yes,9
2019-7-7,2019,7,7,Houston,Indianapolis,,1,-0.44,14.70%,1.44,6,no,0
2019-7-8,2019,7,8,Arizona,N.Y. Giants,,3,2.4,0.50%,0.6,2,yes,2
2019-7-9,2019,7,9,San Francisco,Washington,,-10,-7.68,48.70%,-2.32,13,yes,13
2019-7-10,2019,7,10,Tennessee,L.A. Chargers,x,-2,-1.28,-13.40%,-0.72,1,yes,1
2019-7-11,2019,7,11,New Orleans,Chicago,,3,-0.88,7.50%,3.88,3,yes,3
2019-7-12,2019,7,12,Seattle,Baltimore,x,-3.5,-4.2,2.40%,0.7,8,no,0
2019-7-13,2019,7,13,Philadelphia,Dallas,,3,1.72,-1.70%,1.28,5,no,0
2019-7-14,2019,7,14,New England,N.Y. Jets,,-9.5,-7.4,57.40%,-2.1,14,yes,14
2019-8-1,2019,8,1,Minnesota,Washington,x,-16,-14.4,41.10%,-1.6,15,yes,15
2019-8-2,2019,8,2,Seattle,Atlanta,,-3.5,-2.84,27.20%,-0.66,11,yes,11
2019-8-3,2019,8,3,Philadelphia,Buffalo,,1.5,2.72,11.40%,-1.22,2,yes,2
2019-8-4,2019,8,4,Chicago,L.A. Chargers,x,-4,-5,1.70%,1,3,no,0
2019-8-5,2019,8,5,Detroit,N.Y. Giants,x,-7,-8.24,27.00%,1.24,8,yes,8
2019-8-6,2019,8,6,Tampa Bay,Tennessee,,2.5,4.92,5.90%,-2.42,4,no,0
2019-8-7,2019,8,7,Indianapolis,Denver,x,-6,-7.56,5.80%,1.56,10,yes,10
2019-8-8,2019,8,8,L.A. Rams,Cincinnati,x,-13,-13.96,42.20%,0.96,14,yes,14
2019-8-9,2019,8,9,New Orleans,Arizona,x,-10,-14.04,34.10%,4.04,13,yes,13
2019-8-10,2019,8,10,Jacksonville,N.Y. Jets,x,-6,-6.12,26.30%,0.12,6,yes,6
2019-8-11,2019,8,11,San Francisco,Carolina,x,-5.5,-3.8,15.70%,-1.7,7,yes,7
2019-8-12,2019,8,12,New England,Cleveland,x,-13,-12.72,54.30%,-0.28,12,yes,12
2019-8-13,2019,8,13,Houston,Oakland,x,-6.5,-7.2,10.80%,0.7,1,yes,1
2019-8-14,2019,8,14,Green Bay,Kansas City,,-4,3.12,3.00%,-7.12,5,yes,5
2019-8-15,2019,8,15,Pittsburgh,Miami,x,-14,-8,57.50%,-6,9,yes,9
2019-9-1,2019,9,1,San Francisco,Arizona,,-10,-8.12,53.30%,-1.88,14,yes,14
2019-9-2,2019,9,2,Houston,Jacksonville,,-1.5,0.52,-1.90%,-2.02,8,yes,8
2019-9-3,2019,9,3,Buffalo,Washington,x,-9.5,-9.36,13.50%,-0.14,10,yes,10
2019-9-4,2019,9,4,Minnesota,Kansas City,,2,1.92,-4.80%,0.08,6,no,0
2019-9-5,2019,9,5,Miami,N.Y. Jets,x,3,0.68,-30.80%,2.32,1,yes,1
2019-9-6,2019,9,6,Philadelphia,Chicago,x,-5,-4.2,8.70%,-0.8,9,yes,9
2019-9-7,2019,9,7,Indianapolis,Pittsburgh,,-1,-0.6,3.30%,-0.4,5,no,0
2019-9-8,2019,9,8,Carolina,Tennessee,x,-3.5,-5.92,11.50%,2.42,7,yes,7
2019-9-9,2019,9,9,Oakland,Detroit,x,-2,-1.08,-5.30%,-0.92,4,yes,4
2019-9-10,2019,9,10,Seattle,Tampa Bay,x,-5,-8.08,16.50%,3.08,13,yes,13
2019-9-11,2019,9,11,Denver,Cleveland,x,3.5,-1.08,-1.10%,4.58,2,yes,2
2019-9-12,2019,9,12,Green Bay,L.A. Chargers,,-3.5,-3.32,24.40%,-0.18,12,no,0
2019-9-13,2019,9,13,New England,Baltimore,,-3,-2.52,25.80%,-0.48,3,no,0
2019-9-14,2019,9,14,Dallas,N.Y. Giants,,-7,-6.48,40.00%,-0.52,11,yes,11
2019-10-1,2019,10,1,Oakland,L.A. Chargers,x,1,-0.56,3.20%,1.56,2,yes,2
2019-10-2,2019,10,2,Detroit,Chicago,,2.5,3.8,5.90%,-1.3,6,no,0
2019-10-3,2019,10,3,Baltimore,Cincinnati,,-10,-13.4,57.60%,3.4,11,yes,11
2019-10-4,2019,10,4,Buffalo,Cleveland,,3,0.32,-1.00%,2.68,3,no,0
2019-10-5,2019,10,5,Kansas City,Tennessee,,-6,-3.64,39.70%,-2.36,10,no,0
2019-10-6,2019,10,6,New Orleans,Atlanta,x,-13,-14.2,43.80%,1.2,13,no,0
2019-10-7,2019,10,7,N.Y. Giants,N.Y. Jets,,-2.5,4.08,22.70%,-6.58,5,no,0
2019-10-8,2019,10,8,Tampa Bay,Arizona,x,-4.5,-4.24,14.70%,-0.26,4,yes,4
2019-10-9,2019,10,9,Indianapolis,Miami,x,-10,-10.76,65.10%,0.76,12,no,0
2019-10-10,2019,10,10,Green Bay,Carolina,x,-5,-2.08,11.90%,-2.92,8,yes,8
2019-10-11,2019,10,11,L.A. Rams,Pittsburgh,,-3.5,-1.36,13.70%,-2.14,7,no,0
2019-10-12,2019,10,12,Minnesota,Dallas,,3,1.44,-4.40%,1.56,1,yes,1
2019-10-13,2019,10,13,San Francisco,Seattle,x,-6,-5.52,25.40%,-0.48,9,no,0
2019-11-1,2019,11,1,Cleveland,Pittsburgh,,3,0.32,11.00%,2.68,4,yes,4
2019-11-2,2019,11,2,Dallas,Detroit,,-4.5,-1.64,26.50%,-2.86,5,yes,5
2019-11-3,2019,11,3,Indianapolis,Jacksonville,x,-3,-3.08,-0.60%,0.08,3,yes,3
2019-11-4,2019,11,4,Buffalo,Miami,,-6,-2.76,38.60%,-3.24,7,yes,7
2019-11-5,2019,11,5,Minnesota,Denver,x,-10,-10.12,26.90%,0.12,13,yes,13
2019-11-6,2019,11,6,New Orleans,Tampa Bay,,-5.5,-5.2,24.90%,-0.3,10,yes,10
2019-11-7,2019,11,7,Washington,N.Y. Jets,x,-1.5,0.96,-0.20%,-2.46,1,no,0
2019-11-8,2019,11,8,Carolina,Atlanta,x,-5.5,-8.08,19.20%,2.58,11,no,0
2019-11-9,2019,11,9,Baltimore,Houston,x,-4,-4.72,14.50%,0.72,8,yes,8
2019-11-10,2019,11,10,San Francisco,Arizona,x,-11,-12.28,43.30%,1.28,14,yes,14
2019-11-11,2019,11,11,Oakland,Cincinnati,x,-10,-12.52,48.60%,2.52,12,yes,12
2019-11-12,2019,11,12,New England,Philadelphia,,-3.5,-1.72,26.60%,-1.78,2,yes,2
2019-11-13,2019,11,13,L.A. Rams,Chicago,x,-6.5,-4.72,3.10%,-1.78,9,yes,9
2019-11-14,2019,11,14,Kansas City,L.A. Chargers,,-3.5,-2.6,27.60%,-0.9,6,yes,6
2019-12-1,2019,12,1,Houston,Indianapolis,x,-2.5,-6.6,,4.1,7,yes,7
2019-12-2,2019,12,2,Atlanta,Tampa Bay,x,,-4.68,,4.68,3,no,0
2019-12-3,2019,12,3,Denver,Buffalo,,,3.48,,-3.48,2,no,0
2019-12-4,2019,12,4,Chicago,N.Y. Giants,x,,-9.44,,9.44,4,yes,4
2019-12-5,2019,12,5,Pittsburgh,Cincinnati,,,,,0,12,yes,12
2019-12-6,2019,12,6,Cleveland,Miami,x,,-3.48,,3.48,11,yes,11
2019-12-7,2019,12,7,New Orleans,Carolina,x,-7.5,-11.96,,4.46,14,yes,14
2019-12-8,2019,12,8,Oakland,N.Y. Jets,,,4.36,,-4.36,9,no,0
2019-12-9,2019,12,9,Seattle,Philadelphia,,-1.5,4.72,,-6.22,6,yes,6
2019-12-10,2019,12,10,Detroit,Washington,,,,,0,10,no,0
2019-12-11,2019,12,11,Jacksonville,Tennessee,,,9.8,,-9.8,1,no,0
2019-12-12,2019,12,12,New England,Dallas,x,-5,-6.28,,1.28,5,yes,5
2019-12-13,2019,12,13,Green Bay,San Francisco,,,3.32,,-3.32,8,no,0
2019-12-14,2019,12,14,Baltimore,L.A. Rams,,,-5.96,,5.96,13,yes,13
2019-13-1,2019,13,1,Chicago,Detroit,,3,-0.84,-1.30%,3.84,10,yes,10
2019-13-2,2019,13,2,Dallas,Buffalo,x,-3,-1.16,22.00%,-1.84,12,no,0
2019-13-3,2019,13,3,New Orleans,Atlanta,,-3.5,-6.64,37.70%,3.14,11,yes,11
2019-13-4,2019,13,4,N.Y. Jets,Cincinnati,,-6,-0.52,22.60%,-5.48,5,no,0
2019-13-5,2019,13,5,Indianapolis,Tennessee,x,3.5,-0.04,0.60%,3.54,1,no,0
2019-13-6,2019,13,6,Philadelphia,Miami,,-8.5,-3.16,53.80%,-5.34,16,no,0
2019-13-7,2019,13,7,Green Bay,N.Y. Giants,,-13,-8.92,26.80%,-4.08,13,yes,13
2019-13-8,2019,13,8,Cleveland,Pittsburgh,,-10,3.04,4.90%,-13.04,4,no,0
2019-13-9,2019,13,9,Carolina,Washington,x,2,-10.88,16.20%,12.88,14,no,0
2019-13-10,2019,13,10,Tampa Bay,Jacksonville,,-3.5,-2.08,2.60%,-1.42,3,yes,3
2019-13-11,2019,13,11,Baltimore,San Francisco,x,-5.5,-5.96,10.20%,0.46,8,yes,8
2019-13-12,2019,13,12,Arizona,L.A. Rams,x,1.5,7.04,0.70%,-5.54,7,no,0
2019-13-13,2019,13,13,L.A. Chargers,Denver,,-2.5,2.24,3.50%,-4.74,2,no,0
2019-13-14,2019,13,14,Kansas City,Oakland,x,3.5,-11.16,36.70%,14.66,15,yes,15
2019-13-15,2019,13,15,New England,Houston,,-3.5,-0.48,47.20%,-3.02,9,no,0
2019-13-16,2019,13,16,Minnesota,Seattle,,3,0.8,0.70%,2.2,6,no,0
2019-14-1,2019,14,1,Dallas,Chicago,,-3,1.64,19.60%,-4.64,2,no,0
2019-14-2,2019,14,2,Atlanta,Carolina,x,-3,1.04,7.60%,-4.04,3,yes,3
2019-14-3,2019,14,3,Baltimore,Buffalo,,-5.5,-3.6,37.40%,-1.9,11,yes,11
2019-14-4,2019,14,4,Cleveland,Cincinnati,x,-7.5,-8.72,30.20%,1.22,13,yes,13
2019-14-5,2019,14,5,Green Bay,Washington,x,-12,-13.64,34.10%,1.64,16,yes,16
2019-14-6,2019,14,6,Minnesota,Detroit,x,-13,-10.04,27.70%,-2.96,15,yes,15
2019-14-7,2019,14,7,New Orleans,San Francisco,x,-2.5,-2.92,-7.70%,0.42,1,no,0
2019-14-8,2019,14,8,N.Y. Jets,Miami,x,-5.5,-4.64,22.60%,-0.86,10,yes,10
2019-14-9,2019,14,9,Tampa Bay,Indianapolis,x,-3,-2.12,-2.70%,-0.88,6,yes,6
2019-14-10,2019,14,10,Houston,Denver,x,-9,-8.2,8.60%,-0.8,12,no,0
2019-14-11,2019,14,11,Jacksonville,L.A. Chargers,x,3,1.2,-9.00%,1.8,5,no,0
2019-14-12,2019,14,12,Tennessee,Oakland,,-2.5,-2.92,14.00%,0.42,7,yes,7
2019-14-13,2019,14,13,Kansas City,New England,,3,3.96,-5.70%,-0.96,9,yes,9
2019-14-14,2019,14,14,Pittsburgh,Arizona,,-2.5,-3.88,10.90%,1.38,8,yes,8
2019-14-15,2019,14,15,Seattle,L.A. Rams,,0,1,19.60%,-1,4,no,0
2019-14-16,2019,14,16,Philadelphia,N.Y. Giants,x,-9.5,-10.92,27.50%,1.42,14,yes,14
2019-15-1,2019,15,1,Baltimore,N.Y. Jets,x,-17,-15.68,65.40%,-1.32,16,yes,16
2019-15-2,2019,15,2,New England,Cincinnati,,-10,-10.08,52.30%,0.08,14,yes,14
2019-15-3,2019,15,3,Tampa Bay,Detroit,,-3.5,-0.36,14.40%,-3.14,5,yes,5
2019-15-4,2019,15,4,Green Bay,Chicago,x,-4.5,-4,4.70%,-0.5,7,yes,7
2019-15-5,2019,15,5,Tennessee,Houston,x,-3,-4.44,12.80%,1.44,10,no,0
2019-15-6,2019,15,6,Kansas City,Denver,x,-9.5,-9.52,31.30%,0.02,13,yes,13
2019-15-7,2019,15,7,Miami,N.Y. Giants,,3.5,0.08,-12.40%,3.42,1,no,0
2019-15-8,2019,15,8,Philadelphia,Washington,,-4.5,-5.88,33.40%,1.38,11,yes,11
2019-15-9,2019,15,9,Seattle,Carolina,,-6.5,-0.92,44.60%,-5.58,8,yes,8
2019-15-10,2019,15,10,Oakland,Jacksonville,x,-6.5,-5.2,11.10%,-1.3,6,no,0
2019-15-11,2019,15,11,Cleveland,Arizona,,-2.5,-4.48,12.90%,1.98,2,no,0
2019-15-12,2019,15,12,Minnesota,L.A. Chargers,,-2.5,-1.96,16.70%,-0.54,9,yes,9
2019-15-13,2019,15,13,Dallas,L.A. Rams,x,1.5,0.88,6.60%,0.62,4,yes,4
2019-15-14,2019,15,14,San Francisco,Atlanta,x,-10,-11.12,42.80%,1.12,15,no,0
2019-15-15,2019,15,15,Pittsburgh,Buffalo,x,-2,-1.44,-4.80%,-0.56,3,no,0
2019-15-16,2019,15,16,New Orleans,Indianapolis,x,-9,-9.44,32.10%,0.44,12,yes,12
2019-16-1,2019,16,1,Tampa Bay,Houston,x,0,-0.16,9.30%,0.16,1,no,0
2019-16-2,2019,16,2,New England,Buffalo,x,-16,-6.92,14.70%,-9.08,7,yes,7
2019-16-3,2019,16,3,San Francisco,L.A. Rams,x,-3.5,-4.92,19.40%,1.42,14,yes,14
2019-16-4,2019,16,4,Atlanta,Jacksonville,x,0,-8.96,31.50%,8.96,12,yes,12
2019-16-5,2019,16,5,Baltimore,Cleveland,,2,-10.2,62.30%,12.2,16,yes,16
2019-16-6,2019,16,6,New Orleans,Tennessee,,-13,-3.24,26.30%,-9.76,9,yes,9
2019-16-7,2019,16,7,Indianapolis,Carolina,x,-5,-3.28,34.00%,-1.72,5,yes,5
2019-16-8,2019,16,8,Miami,Cincinnati,x,16,-4.32,-9.20%,20.32,6,yes,6
2019-16-9,2019,16,9,Pittsburgh,N.Y. Jets,,-2,-0.4,9.80%,-1.6,3,no,0
2019-16-10,2019,16,10,N.Y. Giants,Washington,,4,-0.24,2.40%,4.24,4,yes,4
2019-16-11,2019,16,11,Denver,Detroit,x,-3.5,-4.96,18.50%,1.46,10,yes,10
2019-16-12,2019,16,12,L.A. Chargers,Oakland,x,9,-3.6,9.50%,12.6,11,no,0
2019-16-13,2019,16,13,Philadelphia,Dallas,x,-4,-3.92,-5.40%,-0.08,2,yes,2
2019-16-14,2019,16,14,Seattle,Arizona,x,3.5,-7.56,13.70%,11.06,15,no,0
2019-16-15,2019,16,15,Kansas City,Chicago,,-9,-5.6,36.80%,-3.4,13,yes,13
2019-16-16,2019,16,16,Minnesota,Green Bay,x,3,-1.44,10.80%,4.44,8,no,0
2019-17-1,2019,17,1,Buffalo,N.Y. Jets,x,-1,-7.64,27.10%,6.64,7,no,0
2019-17-2,2019,17,2,Cincinnati,Cleveland,x,3,3.2,-9.20%,-0.2,4,yes,4
2019-17-3,2019,17,3,Green Bay,Detroit,,-12,-5.16,30.20%,-6.84,14,yes,14
2019-17-4,2019,17,4,Kansas City,L.A. Chargers,x,-9,-13,36.10%,4,13,yes,13
2019-17-5,2019,17,5,Chicago,Minnesota,,-3,6.44,-24.10%,-9.44,1,yes,1
2019-17-6,2019,17,6,New England,Miami,x,-16,-15.48,59.10%,-0.52,16,no,0
2019-17-7,2019,17,7,Tampa Bay,Atlanta,x,0,-2.32,9.90%,2.32,3,no,0
2019-17-8,2019,17,8,New Orleans,Carolina,,-13,-6.4,72.50%,-6.6,15,yes,15
2019-17-9,2019,17,9,Dallas,Washington,x,-11,-12.16,31.20%,1.16,12,yes,12
2019-17-10,2019,17,10,Denver,Oakland,x,-3.5,-5.4,10.40%,1.9,9,yes,9
2019-17-11,2019,17,11,Arizona,L.A. Rams,,6,8.96,-4.30%,-2.96,2,no,0
2019-17-12,2019,17,12,Philadelphia,N.Y. Giants,,-4,-5.44,23.40%,1.44,10,yes,10
2019-17-13,2019,17,13,Indianapolis,Jacksonville,,-5,-2.88,32.20%,-2.12,8,no,0
2019-17-14,2019,17,14,Baltimore,Pittsburgh,x,2,-12.96,53.60%,14.96,5,yes,5
2019-17-15,2019,17,15,Tennessee,Houston,,-6,3.16,12.30%,-9.16,11,yes,11
2019-17-16,2019,17,16,San Francisco,Seattle,,-3.5,-1.12,10.00%,-2.38,6,yes,6